ID,Sequence,Prediction,confidence
Q9NZ45,MSLTSSSSVRVEWIAAVTIAAGTAAIGYLAYKRFYVKDHRNKAMINLHIQKDNPKIVHAFDMEDLGDKAVYCRCWRSKKFPFCDGAHTKHNEETGDNVGPLIIKKKET,0,0.00174
Q6NE51,MIWTAVIKGSALMTFVQGAMALVDKVFGEEILPHRIYSSGEAAQLLGMERLQVLEMVRAGTIKAKKVGDNYRILGSNLVEYMNR,0,0.0199
P0DQQ5,ASGADTCCSNPACQVQHSDLC,1,0.99896
Q6UWS5,MSRSSKVVLGLSVLLTAATVAGVHVKQQWDQQRLRDGVIRDIERQIRKKENIRLLGEQIILTEQLEAEREKMLLAKGSQKS,0,0.00385
Q33093,RRLLRDLDIKINQVIPEGGSVKDLKSLPKAWFTLVPYSEVGLMTAMYL,0,0.0289
P85040,HDRPKFCYLPADPGECMA,1,0.99976
Q96VG0,MCTFVFESLCAMISTLKVNKIERGYWFIQCLRYCFIYIIKKQHRQADLPRNFGMRSKALYIGRSVGKWIETFCLDSNYSTHVYSLWAKSFLIIQFENVDPFVDHF,0,0.01723
Q9LX34,MATVEVEHVTSVAVEIVETEVNQHPEEVFVEDAEKTNEDEEEKAAVITETPTVVEEEKKAEEVTETPEEKKTEALEEKQTEVAAAEEVAVEKAKE,0,0.00491
P83230,SDSKIGNGCFGFPLDRIGSVSGLGCNRIMQNPPKKFSGE,1,1.0
P81266,AKEKIHINIVVIGHV,0,2e-05
P18046,MTEAPTEFPPEDGTPRRELGGDWVIRILGEIKEEALKHFDPRLLIALGNYIHSRHGDTPEGARELIRILQRALFVHLRAGCNRSRISQTRRRTPFPAAPTPRGMY,0,0.00659
Q31AA8,MLRAIVVFAPIIAAVAWVVFNIQKPAREQWDRQFGEK,0,0.00069
Q29539,SGSSPSSNSNYCNLMMFCRKMTQGKCKLVNTFVHESLADVKAVCSQKKVACKNGQTNCYQSNSAMRITDCRQTGSSKYPNCTCKTTRAEKHIIVACEGKXFMP,1,0.99964
P19640,KETAAAKFERQHMDPAPAAAXXQNYCNQMM,1,0.99366
P21988,MIINHNMSAMFAQRTLGVTNNAIGKDME,0,0.01211
P0DUT4,MPKSLLLVLALALLAQTALANGPQGSSDRNWIRLG,0,0.22811
P22950,AYERQFYPGATSVAENNIGH,1,0.86689
P14539,LSDYDEEEDERAKATLDAR,1,0.99922
P82312,DVVASSTAHKQQDINHLLDK,1,0.70036
P83563,MSRLVLASFLLLAIFSMLVGGFGGFGGFGGLGGRGKCPSNEIFSRCDGRCQRFCPNVVPKPLCIKICAPGCVCRLGYLRNKKKVCVPRSKCG,1,0.89013
P0DX58,XVRDAYIADDKNCVYTCASN,1,0.99767
Q8LW54,MKFLVNVALVFYGRVHFLHLCVHFLHLWAPEPEPAPEAEAEADAEADPEAGIGAVLKVLTTGLPALISWIKRKRQQG,1,0.94805
P0C7N3,AMVTKNNGDLDKSGTECRLYCKDNSPGQNNSCKMFYSNEDEHKGMVLPGTK,1,0.99976
C0HLQ6,EGDVIATGINGFGRIG,0,0.00139
C0HJH4,MSEARNLFTTFGILAILLFFLYLIYAVL,0,0.0
C7J4U3,MFDDQDLGFFANFLGIFIFVLVIAYHFVMADPKYEGN,0,0.0
P48757,MPRLCVYMLVLVLALATFSEASWKPRSQLQDASSGPGTNEDLEQRQFNKLGSASHHRRQLGPQGPQHFIADLSKKQRPRMEEEEEAYGWMDFGRRSAEEDQ,1,0.99808
P0DL04,QNGPRPIGIPP,1,0.98529
P86512,DSAAGAVRAGDDETLLKPVLNSLDNLVSGL,1,0.98161
B8HUV5,MDLDFRVLVVLLPVLLAGGWALKNILPAALRQVQSFFSK,0,0.00373
P0CY41,MPQLVPFFFVNQVVFAFIVLTVLIYAFSKYILPRLLRTYISRIYINKL,0,0.0
P82288,WLSGVDKIRGVNLGSAFIIE,1,0.89441
P46066,KKDGYPVDSGNCKYECLKDDYCNDLCLERKADKGYCYWGKVSCYCYGLPDNSPTKTSGKCNPA,1,0.99975
Q9KAJ2,MAKMKHGSAQFRPDHLGTQPRKSDANKGKKMNTKGNENPQYIPPKG,0,0.0062
P9WGF1,MIYLYLLCAIFAEVVATSLLKSTEGFTRLWPTVGCLVGYGIAFALLALSISHGMQTDVAYALWSAIGTAAIVLVAVLFLGSPISVMKVVGVGLIVVGVVTLNLAGAH,0,0.00653
P34034,MMNMKPTESYEQLDNSALEQVVGGKYYGNGVHCTKSGCSVNWGEAFSAGVHRLANGGNGFW,1,0.99808
P0CJ35,RRCFITPNVRSERCPPGQEVCFTKTXDG,1,0.99999
P35096,AVLSPEQSEELHKYVIDGARAFLGIALVAHFLAFSATPWLH,0,0.01086
P24341,FLIEEIKSDTPTSNWLTAKSGRKKRCPYTKHQTLELEKEFLFNMYLTRERRLEISKSVNLTDRQVKIWFQNRRMKLKKMSRENRIRELTANLTFS,0,0.00261
O07628,MTCFLVRDLLPLYLEGDCKRETEHVIEEHLKMCSSCRDMYDTMAEPFELESEQAVEEAYLPEEELRFKQRYYGLLIMKAACWFGAAVAMMLIIKLLI,0,0.02019
Q32766,MKKILFSMFYSILVGEEPDSVFLKKEGKQNQVKMIWVAPSSCAKDLTISEGTGATFLFNFHSRVSYLFPRPFLRPRNMKWTNSFS,0,0.02103
P0DSJ9,MRLSYLSLALAIIFVLTIMHASNVEAKASADPEPDAVGSINVKNLMNMIREQITSRLKK,1,0.99996
P40836,VIPFVASVAAEMQHVYCAASRKC,1,0.99956
P0DL27,VVGGDECDINEHPFLAFLYSHGYFCGLTLINQEWVLTAAHCDRRFMRIYL,1,0.9987
P83658,NSVHPCCDPVICEPREGEHCISGPCCENCYFLNSGTICKRARGDGNQDYCTGITPDCPRNRYNV,1,0.99904
A0A0B4J2F0,MFRRLTFAQLLFATVLGIAGGVYIFQPVFEQYAKDQKELKEKMQLVQESEEKKS,0,0.00359
A0T0R3,MAKNKGTRILITLECTECRTNINKRSAGVSRYLTQKNRRNNPQRMELKKYCPHCNKPTIHKEIK,0,0.0
O87237,MKEKNMKKNDTIELQLGKYLEDDMIELAEGDESHGGTTPATPAISILSAYISTNTCPTTKCTRAC,1,0.90409
P81080,DTDILAAFRVTPQPGVPPEEAGAADVTLGFVDLLRWSPELAAACEIWK,0,0.01055
C4YTL7,MGKLVGAPKGHDRYRDPKTHQITPALYRVRAPFFWRNTIALFAVSSIPLAVYLYTFKKMGDDDLGDIPIPPISDEELQKLKLEYENQK,0,0.00058
P82410,QRACPRILKKCRRDSDCPGECICKENGYCG,1,1.0
P46988,MSQIAQEMTVSLRNARTQLDMVNQQLAYLDRQEKLAELTKKELESYPTDKVWRSCGKSFILQDKSKYVNDLSHDETVLLDQRKTLKIKKNYLETTVEKTIDNLKALMKN,0,0.00912
A9XE60,MQRNLVVLLFLGMVALSSCGFREKHFQRFVKYAVPESTLRTVLQTVVHKVGKTQFGCPAYQGYCDDHCQDIEKKEGFCHGFKCKCGIPMGF,1,0.9997
Q3E7X9,MDNKTPVTLAKVIKVLGRTGSRGGVTQVRVEFLEDTSRTIVRNVKGPVRENDILVLMESEREARRLR,0,0.00026
P0C7Q2,MLRLYPGPMVTEAEGKGGPEMASLSSSVVPVSFISTLRESVLDPGVGGEGASDKQRSKLSLSHSMIPAAKIHTELCLPAFFSPAGTQRRFQQPQHHLTLSIIHTAAR,1,0.52578
O75964,MAQFVRNLVEKTPALVNAAVTYSKPRLATFWYYAKVELVPPTPAEIPRAIQSLKKIVNSAQTGSFKQLTVKEAVLNGLVATEVLMWFYVGEIIGKRGIIGYDV,0,0.00267
P0CAR4,LICYNDHGYIGETSESCKNGETTCYEEXWTEARXXIIERACGCXKVKPGVQMKCCKTQ,1,0.92391
P0DPL8,MHCLPIFVILLLLTASGPSVDAQLKTKDDVPLSSFRDHAKSTLRRLQDKQTCCGYRMCVPCG,1,0.99854
P74977,MKKIILALVLMLFSFCTLGQETASMHLDDTLSAPIAAEINRKACDTQTPSPSEENDDWCCEVCCNPACAGC,1,0.97991
Q06R73,MVRNSFISIISQKENKENRGSVEFQVLSFTTKIRRLTSHLKLHKTDYSSERGLRKILGKRQRVLAYLSKKNRVRYQELQDLISQLNIRETKTR,0,5e-05
P85870,SLLSLIRKLIT,1,1.0
B1AUS7,MKRRSHSVNLGKTKHKPEETCQAFEDISKYFSKEEWKKLSRSEKITYVYMKRNYTTMTNLGLRAHLPDFMESKERVTKSVLSDSDEVSSHESQDKRKNPVV,1,0.66773
Q2FZE2,MKFMAENRLTLTKGTAKDIIERFYTRHGIETLEGFDGMFVTQTLEQEDFDEVKILTVWKSKQAFTDWLKSDVFKAAHKHVRSKNEDESSPIINNKVITYDIGYSYMK,0,0.0153
P49820,GAGGALFVHRD,1,0.96774
Q9P7G3,MTPDQNALVLSFLLTVGGLIGYLRKKSKVSLIAGTALGANFAWASKLMERGSSQGINYAFYGSLVLLASSGPRFYKSRKPVPMILTVLGVISTWYFYRLWA,0,0.00255
P09340,MAPATRSLLRAPLLLLLLLLATSRLATGAPVANELRCQCLQTMTGVHLKNIQSLKVTPPGPHCTQTEVIATLKNGQEACLNPEAPMVQKIVQKMLKSGIRK,1,0.99816
P31233,ATVVAPKYTAIKPLGDRVLVK,0,0.0322
P14535,TETTEGDFIAEGGGVR,0,0.23308
P84939,FLSLIPAAISAVSALADHF,1,0.99994
Q2PMN9,MVKNSIIPVISQEKKEKNPGSVEFQIFKFTDRIRRLTSHFELHRKDYLSQRGLRKILGKRQRLLSYLSKKDRIRYKKLINQFDIRESQIR,0,4e-05
P0C844,IDPPRYCNHIICYEDSECSQWCTAGCNSITSKCDT,1,0.99998
P41791,MEALGMIETRGLVALIEASDAMVKAARVKLVGVKQIGGGLCTAMVRGDVAACKAATDAGAAAAQRIGELVSVHVIPRPHGDLEEVFPISFKGDSNI,0,0.00217
P0DQN0,RDCGKMCEEETWKG,1,0.99588
A4QLN8,MLLLKHGRIEILDQNTMYGWYELPKQEFLNSEQPELLLTT,0,0.01212
P0DUK4,IECEVCMKPGDRCNGSMMT,1,0.99396
B3EWN2,ACLGFGEKCNPSNDKCCKSSSLVCSQKHKWCKYGW,1,0.99998
Q9TBI8,MPQLNPNPWFYIMLMSWLTFSLIIQPELLSFTLTNPLSNKTSTTTRSSPWTWPWT,0,1e-05
P48367,MQEERNIWNWGFTSGAENWNGRLAMLGFIAALLTESLTGQGTLHFLGIL,0,0.00081
P80265,ASNLATGGAGPLIXKGTGGRSS,0,0.17976
Q8Z0F9,MESVAYILILTLAIGVLFFAIAFREPPRIEKKEEK,0,1e-05
Q8IVG9,MAPRGFSCLLLLTSEIDLPVKRRA,0,0.00749
C0HJY9,SFYACTNGCWVKPGGGCQC,1,1.0
P24311,MFPLVKSALNRLQVRSIQQTMARQSHQKRTPDFHDKYGNAVLASGATFCIVTWTYVATQVGIEWNLSPVGRVTPKEWRNQ,0,7e-05
Q9MQK2,MPQLDTSTWLTTILSMFLALFIIFQLKISKHNFYHNPELTTKVLKQNTPWETKWTKIYLPLLLPL,0,0.0
P19154,MVSQNPNRQKVELNRTSLFWGLLLIFVLAILFSSYIFN,0,0.0
D5J6X1,MKTSMLAVFVALPLAFVLTAATEERAHPNELVNSLVELVKLDAERGVDKEGCKYMFGSCGKSDDCCPKLACKRTFNYCAWDGSV,1,0.99974
Q9TLZ0,MKQYKIKVLWLRNNIAIAVDRLIGDSLFPMTYYYFWPRTDAWEQLKIELDSQPGLFAKDKVVILNQVTRIIDYWQENKKSVFPNLSELQSHFPDLICSGCY,0,0.01862
P65566,MNPANYLYLSVLLFTIGASGVLLRRNAIVMFMCVELMLNAVNLAFVTFARMHGHLDAQMIAFFTMVVAACEVVVGLAIIMTIFRTRKSASVDDANLLKG,0,0.00051
D2Y168,MKFLLFLSVALLLTSFIETEAGPVNEAGVERLFRALVGRGCPADCPNTCDSSNKCSPGFPG,1,1.0
P80840,ADREPNHFVA,1,0.99475
Q5SD12,MARSLEKGPFVAYHLLKKIENLNVEEEKKIIVTWSRASTIVPIMVGHTIAVHNGQEHLPIYVTDRMVGHKLGEFAPTRIFRGHAKNDKKSRR,0,4e-05
P06390,MNQVKYPVLTEKTIRLLEKNQYSFDVNIDSNKTQIKKWIELFFNVKVISVNSHRLPKKKKKIGTTTGYTVRYKRMIIKLQSGYSIPLFSNK,0,3e-05
B3EWX3,FLNPFRWVINKYR,1,0.99999
P83504,EGAPKRLTYDEIQSKTYMEVKGTGTANQCPT,1,0.94343
P0DRB2,LSFQQVKEKVCKVEAKIGKKLPFC,1,0.99994
Q32759,MVYGYGKSNMPHPNRKRKGTDTQYDYWEELLVMVSGLYVLFCVFLVLFIFFDSFKQESNKLELSGKEEKKKLNGENRLSRDIQNLLYIK,0,0.00961
P0DUR2,GCCSHPPCNVNNPHICG,1,1.0
Q85FY3,MVEILLSGIVLGLIPITILGLLMAAYFQYQRSKAAS,0,0.0
A6H5M2,MARSLKKNPFVANHSLRKIENLNIKKEKKIIVTWSRASTIVPAMIGHTIAVHNGKEHLPIYITDRMVGHKLGEFAPTLIPRGHAKSDNRSRR,0,3e-05
P0DJJ1,TNTPEDDRYLQDYVYI,1,0.80925
P54835,AVEAXKTYVRDKPI,0,0.06669
Q6EW69,MTDLNLPSIFVPLVGLLFPAIAMVSLFFHVQKNKIV,0,0.0
P81346,XYNLLTIEDIDVKGKRVLVR,1,0.71714
Q9MS73,MFLFNLEQSIGLLPEAYLPFDPLVDVLPIIPLLFLLLAFVWQAAVKFR,0,2e-05
Q6QLR3,MRILYLLLSVLFVVLQGVAGQPYFSSPIHACRYQRGVCIPGPCRWPYYRVGSCGSGLKSCCVRNRWA,1,0.99988
P0DV61,GYGCPFNQYQCHSHCKGIRGYKGGYCKGAFKQTCKCY,1,0.99999
O08950,MAYQLYRNTTLGNSLQESLDELIQSQQITPQLALQVLLQFDKAINSALAQRVRNRVNFRGSLNTYRFCDNVWTFVLNDVEFREVTELIKVDKVKIVACDGKNTGSNTTE,0,0.00375
P82897,AGAPVYLAAXXXYLTAEILXLAGNAARDNKKSRIIPRHVQLAVXXXXXLNKLLGNVTIAQGGVLPNI,0,0.01039
P00980,QPRRKLCILHRNPGRCYDKIPAFYYNQKKKQCERFDWSGCGGNSNRFKTIEECRRTCIG,1,1.0
P81695,DTQCCGKSTCAREGSTCCCTNCRCLKSECLPGCKKLCCADAEKGKCGNAGCKCGAACKCSAGSCAAGCKKGCCGD,0,0.49514
P10082,MVFVRRPWPALTTVLLALLVCLGALVDAYPIKPEAPREDASPEELNRYYASLRHYLNLVTRQRYGKRDGPDTLLSKTFFPDGEDRPVRSRSEGPDLW,1,0.99752
P38577,MTNMKSVEAYQQLDNQNLKKVVGGKYYGNGVHCTKSGCSVNWGEAASAGIHRLANGGNGFW,1,0.99926
C1KIZ0,MAVKFHLCLLLIILVGMGAHVAFADQQFCDHPYGTCYYVEDECPEDMPVDCSENFYCTEPTNKCCCYE,1,0.99966
O04468,MGMKSPNIAAFMLPLLLILFTLSSQLKVVESTGRKLAWGFSGTPIVYTPPSRSCGTSPAVFTSKWRRPRPCRLPPGSYIPASDQSP,1,0.99529
P0C2C6,DCCGVKLEMCHPCLCDNSCKKSGK,1,0.99964
P0C828,MGMRMMFTVFLLVVLATTVVSTPSDRASDGRNAAVHERQKSLVPSVITTCCGYDPGTMCPPCRCTNSCG,1,0.99966
Q3ZJ21,MTTKKSSYTYPIFTVRWLSIHALAVPTVFFLGAITAMQFIQR,0,2e-05
P84709,TPVVNPPFLQQT,1,0.98284
P11952,RPNWEERSRLCGRDLIRAFIYLCGGTRWTRLPNFGNYPIMEEKMGFAKKCCAIGCSTEDFRMVC,1,0.99996
C5J895,MKIACTLVLFVMLRCYVNARNIPGTCRTHTGIILLSGEEWKDPNHCSTYRCSIFDGEAELEGVTCAAYHVPPHCRLVSAANELYPQCCPTVICSDKSR,1,0.99854
B3H4X8,MDNTNRLRHLRSRKQSKFTLGDTAEVNSVKWEFINMTEQEEDLIFRMHRLVGDRWDLIAGRVVGREAKDIERYWIMRNCDHCSHKRRRVHKFYRFSISPP,0,0.00936
P82021,GLLDALSGILGL,1,1.0
C0HK26,MCLLMLVLGAMYVQGWHSAGFGKRTLKKRCYPGQPGCGHCSRPNYCEGARCESGFHDCGSDHWCDASGDRCCCA,1,0.99999
Q32RT4,MLTIISYFGLLLATLTFTIVLFVGLSKIQLI,0,0.0
P0CV02,MRHCACLFHLFLIGFLCNVYFSACTHTSSLKESDDESPRAEHWGSDGKRILRANDSEFLLTEERILLILLWSPLGR,1,0.99474
P82840,GLLDTIKGVAKTVAASMLDKLKCKISGC,1,1.0
P0DPH6,MRLFLSLPVWVAVLAMVLEGPAPAQAAPEISSTLGSIPDKLKEFGNTLEDKARAAIESIKQSDIPAKTRNWFSETFNKVKEQLKTAFS,1,0.97724
P33764,MARPLEQAVAAIVCTFQEYAGRCGDKYKLCQAELKELLQKELATWTPTEFRECDYNKFMSVLDTNKDCEVDFVEYVRSLACLCLYCHEYFKDCPSEPPCSQ,1,0.95071
P41549,STKNGRDSNSKRLGVKVYGNQPAKAGSIIVRQRGLTFKPGKGVSVGKDYTIFATQNGIVQFESDKKEKIISVY,0,1e-05
P86351,GPSTDLVIGNKGFDGGIDSAILR,1,0.84359
P95694,MNNTEFYDRLGVSKDASQDEIKKA,0,0.00149
P83177,TCLAHKQQAVNRLLYRIYSPIXXXF,1,0.92129
P33954,MTRKKTNPFVAHHLLAKIEKVNMKEEKETIVTWSRASSILPTMVGHTIAIHNGKEHIPIYITNPMVGRKLGEFVPTRHFTSYENARKDTKSRR,0,4e-05
O77463,MKRMILFISCLLLIDIVVGGREGYPADSKGCKITCFLTAAGYCNTECTLKKGSSGYCAWPACYCYGLPDSVKIWTSETNKCGKK,1,0.99518
P14472,QGVBBBZGLFSAR,1,0.98873
A0A0J9YWP8,SGNTIYFGEGSWLTVV,0,0.07085
P85359,YNFNVYTSCTARRK,1,0.99998
P08580,MVLKLRLARFGRTNAPFYNIVVAHARTARNSKPLEVIGTYDPVPKKDTYDTTGKLHKDIKLDVTRAKYWIGVGAQPTDTVWRLLSLVGILDPKYKKPQPAQEQKTKA,0,7e-05
P73429,MTSRGFRLDQDNRLNNFAIEPPVYVDSSVQAGWTEYAEKMNGRFAMIGFVSLLAMEVITGHGIVGWLLSL,0,0.00236
Q3ZJ88,MIDLVKYPVSTEKSYRLIEKNQYTFDVDVRLTKPQIRKVFENLFDIKVLAVNTHLLPTKKKRLGLNLGFKTRYKRAIITIKANQTIPIFENSDS,0,7e-05
P86343,FIGDIWSGIQG,1,0.99966
P46688,MAVFRSTLVLLLIIVCLTTYELHVHAADGAKVGEGVVKIDCGGRCKDRCSKSSRTKLCLRACNSCCSRCNCVPPGTSGNTHLCPCYASITTHGGRLKCP,1,0.99583
P43497,MQFSTVASVAFVALANFVAAESAAAISQITDGQIQATTTATTEATTTAAPSSTVETVSPSSTETISQQTENGAAKAAVGMGAGALAAAAMLL,0,0.00752
Q85C28,MAVPKKRTSKSKRKIRKTVWREKANKAAKKAFSLARLILSGRSKSFCYTVNNKSSESSESTSIDESDDS,0,0.0
P0DP97,DCLKFGWKCNPRNDKCCSGLKCGSNHNWCKLHL,1,1.0
A7VN14,MRVFFSLIIFSFMLATCQGACGIGPLVSSPTDAMAPKKCVDPNDRRKHLIVSTWNTADCLRCECDNDGLSCCHRYGGLAERAGCKSVLNQVTCEYEFYRLDDLSKRCDA,1,0.98087
A0A6B9KZ79,MKTALFLVFALAFIAVEGKMSRACSKPGQTVLAPDGCNHCRCSEKGILMACTKMMCPPRTIEKSCKPGTTFKHKDGCNTCKCSDDGKNALCTSKLCL,1,0.99664
Q9Y813,MSTKSKDQHARVSYLYQASQLLFRNVQEPTLSRHYISTAKDVSQKSVMRIHPDIKRTICKGCNSLLVPGKSCSIRFEEPSRKNPSIDRVLWICKKCAFKKRFSDKSC,0,0.00283
B5LMP5,MAKGKDIRITVILECTSCDKKSVNKESRGISRYITQKNRHNTPSRLELRKFCPFCCKHTIHAEIKK,0,0.0
P0DL77,MKTFTLIAILTCAVLVIFHAAAAEELEVQDVIQPEDTLTGLATLDEDRLFECSFSCDIKKNGKPCKGSGEKKCSGGWRCKMNFCVKV,1,1.0
B3EWF8,MKTLLLTLVVVTIVCLDLGNSLKCYVSREGKTQTCPEGEKLCEKYAVSYFHDGRWRYRYECTSACHRGPYNVCCSTDLCNK,1,0.99822
P82742,GLFLDTLKGAAKDVAGKLEGLKCKITGCKLP,1,1.0
Q3ECR7,MTMSRNGKTNKAAYSQRFTRCSVAVAATRSASVVAAAFDFYICIIISTLLSLIVSLASQLLF,0,0.01032
P31963,MLSIFETVAAAAPVTVAETQQASNNENRGQPGYYCLIA,0,0.15618
Q85G72,MSPTAYAIVETCGKQYWFQPGRYYDINFINAEPGDKIIFHRVLWLQHQQLLIGRPFLPNTHVEATILQHLKSKKVLVYHMRSKKKTRKKYGARQLLTRIYIHPFHGS,0,4e-05
P0DTV3,GLLDILKKVGKVA,1,1.0
Q9LHJ3,MNPSEQNHLSVEKPSQTSSGPYTSPPPIGYPTRDAMVGDPPAAAVETKSKGDGFWKGCCAAICCCCVLDACF,0,0.01195
P0C1M6,INWKKIAEVGGKILSSL,1,1.0
P59367,MKVAIVFLSLLVLAFASESIEENREEFPVEESARCADINGACKSDCDCCGDSVTCDCYWSDSCKCRESNFKIGMAIRKKFC,1,0.99781
Q9TL19,MPRSLKKGPFVANHLLRKIEKMNGKGEKHVITTWSRASTIIPIMIGHTIAIHNGKSHLPIFINDRMIGHKLGEFVLTRNYRGHGKTDKKARR,0,3e-05
P0CE35,MPKLEMMLLVLLILPLSYFSAAGGQVVQGDLHSDVLARYLQRGDRDARECQVNTPGSRWGKCCLNRMCGPMCCPESHCYCIYHRRRGHGCSC,1,0.99938
Q6CQE5,MSDQMPFPFNNFTYFFTLFSKFFSSFHHCTCSLSVSRQYLALDGIYHPLRAAFPNNSTRRKHFTNNWDPRHTGFSPSMTSCSKEHRQGPATKLPSSNYNSDVEDARFQI,0,0.01062
P86160,FVPLLVSKLVCVVTKKC,1,0.99997
P86126,FPLPCAYKGTYC,1,1.0
A0A075B706,TDKLIFGKGTRVTVEP,0,0.00166
P08958,MAQPDSSGLAEVLDRVLDKGVVVDVWARVSLVGIEILTVEARVVAASVDTFLHYAEEIAKIEQAELTAGAEAAPEA,0,0.00044
P05611,VSVDCSEYPKPGCMMERLPLCGSDNKTYNDKCNFCNAVVESNGTLTLNHFGEC,1,0.99969
P81163,IVAVLHSSEGVAGTITFIADSQIPLTGPNSI,1,0.62739
P82599,GGGNDTSNETDTGTSGGETAAVDAEAVVQQKCISCHGGDLTGASAPAIDKAGANYSEEEILDIILNGQGGMPGGIAKGAEAEAVAAWLAEKK,0,0.02306
O71191,MDDFKQAILLLVVDFVFVIILLLVLTFVVPRLQQSSTINTGLRTV,0,0.00643
P82656,GILDTIKSIASKVWNSKTVQDLKRKGINWVANKLGVSPQAA,1,1.0
P0C7B1,SISACNGLKGHFLIEPLKLSDSEKTDLLNRSHDNAQLSPINLVVAVIMAHEMGHGMVLPGTK,0,0.09297
P83999,SCFEGGKDCKNDCQCCGKWSYCKCPIWGLFGCSCVIGDSMVEVRKCQ,1,0.99984
P73563,MNNENSKFGFTAFAENWNGRLAMIGFSSALILELVSGQGVLHFFGIL,0,0.00051
P55938,ESQKVQGDVIGVDLGTTYSCVA,0,0.00015
P0DPT4,MKAFYGILIIFILISMLDLSQQVFINAKCRGSPECLPKCKEAIGKAAGKCMNGKCKCYP,1,0.99997
A8Y7P1,MSSGGLLLLLGLLTLWAELTPISGHDRPKFCYLPADPGECLAHMRSFYYDSESKKCKEFIYGGCHGNANKFPSRDKCRQTCGGK,1,0.99974
F8J2F6,MSSGGLLLLLGLLTLWEVLTPVSSKDRPHFCHLPADPGRCNALSEAFYYNPVQRKCLKFRYGGCKANANTFKTIDECKRTCAA,1,0.99966
P81083,YFDPFSLDVWDPFQA,1,0.99873
P0DM79,MLDLNITKLVTTVVIIAACCLFYLLALDSYCDQGGTFSTGICAITTIVPW,0,0.00112
P01384,MKTLLLTLVVVTIVCLDLGDSLICYMGPKTPRTCPRGQNLCYTKTWCDAFCSSRGKVVELGCAATCPIAKSYEDVTCCSTDNCNPFPVRPRPHP,1,0.99966
P04158,MRFSLAILALPVLAAATAVPRGGASKCNSGPVQCCNTLVDTKDKHQTNIVGALLGLDLGSLTGLAGVNCSPVSVIGVGGNSCSTQTVCCEGTQFNGLVNVGCTPINVGL,1,0.99796
P00107,GDIANGEQVFTGNCAACHSVZZZKTLELSSLWKAKSYLANFNGDESAIVYQVTNGKNAMPAFGGRLEDDEIANVASYVLSKAG,0,0.00598
P28878,YCCHPACGKNFDC,1,1.0
P18313,MKSFIVLAVTLCLAAFFMGQSVASPAAAAEESKFVDGLHALKTIEPELHGRYKRATCDLLSGTGINHSACAAHCLLRGNRGGYCNGKAVCVCRN,1,1.0
C0H690,MDVRFRLCLFLVILVIVANANVIKEPEKRFHPNLWRPPRCDWPHGVCSYIRDRCAPDTPFPCGPIFACPLPTNKCCCRRPYLPPWAGRR,1,0.99997
Q80H93,MCLKILVRYNTRGNTYSTAWLCALGKVLPFHRWHTMVQTCTPNVTINCQDPAGGALIARCWYLHEGHQTAAFRDVLVVLNKRTN,0,0.03897
P17339,MQLTPPEVEK,0,0.04392
B0YPQ0,MNRSKKNSRKRLPAIRSGEFIDYRNISLLRRFVSEQGRILSRRTNRLTSKQQRVLTAAIKQARILASLPFPNSEN,0,0.0
C0HJJ8,GTQTNAPWGLARLIS,1,0.58114
P0C1P6,MAEAVPEIPPEDKNPQREPWEQWVVDVLEEIKQEALKHFDPRLLTALGNFIYNRHGNTLEGAGELIKLLQRALFLHFRGGCQHSRIGQPGGGNPLSAIPPS,0,0.00428
O75394,MFLSAVFFAKSKSKNILVRMVSEAGTGFCFNTKRNRLREKLTLLHYDPVVKQRVLFVEKKKIRSL,0,1e-05
P59072,LTCYKGYRDTV,1,0.96119
P84473,RQRHPDCDKPPDTGN,1,0.99836
P28807,MVKLRLKRCGRKQRAVYRIVAIDVRSRREGRDLQKVGFYDPIKSQTYLNVPAILDFLEKGAQPTETVYDILKRAEVFKEFRLNQTKFN,0,0.0
P0DSL7,LSLGTIKKLLQILAQGLKAICNHRDLIAKGCQA,1,0.99901
A6MMW5,MAAGKDVRVTVILECTSCAKNGANKKSPGVSRYITEKNRHNTPGRLELIKFCPYCYKHTIHGEIKK,0,1e-05
P21808,MNRPVFLVLLLTGFLCIAAQEANVAHHYCGRHLANTLADLCWDTSVEKRSESSLASYSSRGWPWLPTPNFNKRAIKKRGVVDECCIQPCTLDVLATYC,1,0.99998
B7K1L1,MELLAALNLEPIFQLTFVGLIMVAGPVVIFLLAFRGGDL,0,0.0
P01451,LKCNKLVPIAYKTCPEGKNLCYKMFMMSDLTIPVKRGCIDVCPKNSLLVKYVCCNTDRCN,1,0.99998
P23137,MGSKAFLFLGLCLAFFFLISSEVVAGELAETSNPMKLDGENGVDVDGRGGYNDVGGDGYYGGGRGRGGGGYKRRGCRYGCCRKGYNGCKRCCSYAGEAMDKVTEAQPHN,0,0.19117
P80770,YDKKVDSIILFGVNG,1,0.99444
O03978,MKLSNEQYDVAKNVVTVVVPAAIALITGLGALYQFDTTAITGTIALLATFAGTVLGVSSRNYQKEQEAQNNEVE,0,0.00613
P76169,MIKTTLLFFATALCEIIGCFLPWLWLKRNASIWLLLPAGISLALFVWLLTLHPAASGRVYAAYGGVYVCTALMWLRVVDGVKLTLYDWTGALIALCGMLIIVAGWGRT,0,0.00155
C0HKG4,ASCTERKHDCTKDRHSCCRG,1,0.99996
Q85FP4,MLTLKIFVYTCVIFFSSLFIFGFLSNDPSRNPNRKDLE,0,2e-05
C0HK87,GMASKAGSIVGKIAKIALGAL,1,1.0
P58782,GCCGPYPNAACHPCGCKVGRPPYCDRPSGG,1,0.99997
P36339,MSTGNVDQELIRRYLVVVKKLYEEPIPQTARQRRRRKQQLRTRRAQLRELEGRILKQILDRGPDQLCQGVANLALAEKSESSN,0,0.13181
Q8MXU4,MCDRDDCASIASRCTGETIICAFVESITPPKIRDKTGTYELKCPFAEGFTMEIGDLFLFHFVFDGSSEKCTRLTPIPKMLAMVYEKLLKDLRKAKKEGKMIISPTAN,0,0.0363
P56768,MTTFNNLPSIFVPLVGLVFPAIAMASLFLHIQKNKIF,0,0.0
C0H3U2,MWDMIKNFFLFSSGVLQATTLLLVILIFMYVRKTKKKNKESSGFMDDKH,0,0.0021
Q9PSM2,EPDSAADTGTEAACSNYDLKKGCAKIFDPVCGTDNILYSNECLLCFQNLQRKTNVRIKRRGTCQEPSPR,1,0.99988
P17590,MTNTTNAAAATGLTSTTNTPQVSAFVNNWDNLGMWWFSIALMFVCLIIMWLICCLKRKRARPPIYSPIIVLHPNNDGIHRLDGLKHMFFSLTV,0,0.00343
Q7Y618,MRQKIFFLKRFDSELLYVQGSILKSFQRFSLTLSVSTNNSKYLDFFRTGPSQIATIRSTSFYTISETQGLNRMDM,0,0.01172
Q9VYX1,MSTSGAVDQYTVLTGDRSKIKDLLCSRLTECGWRDEVRLMCRNILMEKGTNNSFTVEQLIAEVTPKARTLVPDAVKKELLMKIRTILTEIEEEPDEPEDES,0,0.00773
P83449,TVKXQLSMVLDLNKEIGGQTXTAA,0,0.24707
G2TRP7,MFSGAGRPSKEQIKQYDNLAVGEMKKGASVAAVLLLTPFVISFFQKMRA,0,0.00406
Q85WV9,MAYSSCLFEPGFGTELILRRIDGAIQVRSNADPTFYSFVDLGGPGGPVVIHHGSSLLENPYIPYQCMDGYLSGTG,0,0.039
P31262,ETDGKRSRTSYTRYQTLELEKEFHFNRYLTRRRRIEIANNLCLNERQIKIWFQNRRMKWKKDSKLKIKDSL,0,0.00067
P42129,MARYRRHSRSRSRSRYRRRRRRRSRHHNRRRTYRRSRRHSRRRRGRRRGYSRRRYSRRGRRRY,0,0.0
Q91X13,SVVLLICLLLLGQVDGSPVPEKSSVKKRLRRMTPFWRGVSLRPIGASCRDDSECITRLCKKRRCSLSVAQE,1,0.99967
Q27176,GAVGEIQILLNNIASQLNGDQKKADKV,0,0.13629
P09688,SEDETRLVKNLFSGYNKVVRPVNH,0,0.35087
P00994,QGRPSFCNLPAETGPCKASFRQYYYNSKSGGCQQFIYGGCRGNQNRFDTTQQCQGVCV,1,0.99998
Q9GLQ2,MARYRHSRSRSRSGYRRQRRRRSRYRSRRRRYRRRQRRSRRGRRRGYSRRRYSRRRYSRRRRRRY,0,0.0
P22385,MGQKRDEQVSEDQGPPREPYNQWLADTMEEIKEEARKHFPLIILNAVSEYCVQNTGSEEEACEKFITLMNRAIWVHLAQGCDGTFRERRPQLPPSGFRPRGDRL,0,0.0154
P0DPQ0,QNECPWKPWC,1,1.0
A0A3G3C7V7,MMSKLGVLLTICLLLFPLTAVPLDGDQPADRPAERMQDDISSENHPMFDAIRGCCMPLSCMLLCEPCCG,1,0.99837
Q6EYH5,MEALVYTFLLVSTLGIIFFAIFFREPPKVPTKKVK,0,1e-05
P60316,VELQNRLSDESQ,1,0.72664
P85061,NLLQFAFMIRQANKRRRPVIPYEEYGLYYM,1,0.99831
P32185,ASKTPVGFIGLGNMGNPMAKNLMKHGYPLIIYDVF,0,0.00322
Q1I176,IGMVVECKDGYLMGPDGCKRGCLTRPARYCPNECSRLKGKDGYCYLWLACYCYNMPESAPVWERATNRCGKGK,1,0.99679
P0C1W8,CCGVPNAACPPCVCNKTCG,1,0.99997
C0HLN5,GPKTKAACKMACKLATCGKKPGGWKCKLCELGCDAV,1,1.0
P85444,KFADENFQLKH,1,0.9463
P03715,MASTRGYVNIKTFEQKLDGNKKIEGKEISVAFPLYSDVHKISGAHYQTFPSEKAAYSTVYEENQRTEWIAANEDLWKVTG,0,0.00843
P56244,GLWQKIKNAAGDLASGIVEGIKS,1,1.0
P08871,NSELINSILGLPKVMNDA,1,0.99456
Q86RA3,MKLTCVLIIAVLFLTAYQLATAASHAKGKQKHRALRPADKHFRFTKRCNNRGGGCSQHPHCCSGTCNKTFGVCL,1,0.99999
P13501,MKVSAAALAVILIATALCAPASASPYSSDTTPCCFAYIARPLPRAHIKEYFYTSGKCSNPAVVFVTRKNRQVCANPEKKWVREYINSLEMS,1,0.99557
Q85WY6,MDEVKYPVLTEKSIRLLERNQYTFNVDLQSNKTKIKNWIENFFDVKVIAMNSYRLPEKGGKRGSMIVHPIRCKRMIITLRTGDSIPLFSEQ,0,1e-04
P69851,MENPHEQVQANILSRIIGNVKRLNESVAILNQELVTINNRNKNLEIMGAICDNYHSSVQFNLEATNNKKPPL,0,0.01282
B0BYQ1,MVEPLLAGIVLGLVPVTLAGLFVAAWQQYKRGEEVG,0,0.0
P14462,ADGSDPAGGEFLEAGGGVR,1,0.9858
Q8SL87,NGWNDNKTFILIGSASWAALVLLVGSLNSFVI,0,0.00075
P85055,GFFSLIKGVAKIATKGLAKNLGKMGLDLVGCKISKEC,1,1.0
P81463,FVPYNPPRPGQSKPFPSFPGHGPFNPKIQWPYPLPNPGH,1,0.99992
P00237,AYKVTLKTPDGDITFDVEPGERLIDIGSEKADLPLSCQAGACSTCLGKIVSGTVDQSEGSFLDDEQIEQGYVLTCIAIPESDVVIETHKEDEL,0,0.00205
P72281,MADDANKVWPSGLTTAEAEELQKGLVDGTRVFGVIAVLAHILAYAYTPWLH,0,0.00019
P56551,MMKRLLGLVMLLLFTCTLLTGCNTARGFGEDIKHLGNSISHAAS,0,0.02559
P0DQV5,CCSALCSRYHCLPCC,1,1.0
A0A125S9G2,MKFFTCLLLLLVVLTVVFDNVDACDRSCTGVMGHPSCATCCACFTSAGKRHADGQHSRMKVRTGAKNLLKRMPLH,1,0.99965
P84115,GIMDSVKGLAKNLAGKLLDSLKCKITGC,1,1.0
Q5UP30,MNSYIREKVDEYRERYDLPDLKVTRSDKEGKRLKAVYTDKDGHRKKIYFGQEGAYTYADGAPDYVRNAYHARASGQYTKKGKQAISIPGSAASLSYNILW,0,0.11736
Q9BXV9,MELLGEYVGQEGKPQKLRVSCEAPGDGDPFQGLLSGVAQMKDMVTELFDPLVQGEVQHRVAAAPDEDLDGDDEDDAEDENNIDNRTNFDGPSAKRPKTPS,0,0.05191
Q4G3B8,MSKDLLKYLSTAPVLLTAWMSLTAGMIIEIQRFFPDSLSF,0,9e-05
P0DX59,XKNGYAVDSSGKAPECILSNYCNNECTKV,1,0.99695
P25683,RICYTHKSLQAKTTKSCEGNTCYKMFIRTSREYISERGCGCPTAMWPYQTECCKGDRCNK,1,0.99939
B7KAA7,MTAESMLFNGAILSIVLVLVGLAWGFLLLKIQGGEAE,0,1e-05
P80301,DSECLKEYGGDVGFGFCAPRIYPSFCVQRCRADKGALSGKCIWGQGSNVKCLCNFCRHEP,1,0.99987
B7GI77,MVKRKANHVIPGMNDASAQGKGAGYNEELSNEPLTEAQKQNNKKRKKNQ,0,0.00451
Q779L9,MERRFIVYYNCSDCACGRYVSSLLTMSGAYVNVCVCIVFFILVYLSSCYNMRVLGFLRVCIYLYKLCR,0,0.01646
Q8DIN9,MTSNTPNQEPVSYPIFTVRWVAVHTLAVPTIFFLGAIAAMQFIQR,0,2e-05
P26738,MMKTAVMFMLVVVINLMCSGEAQEVARTYCGRHLADTLADLCFGVEKRSGAQYAPYFWTRQYLGSRGKRGVVDECCFRPCTLDVLLSYCG,1,0.99988
P82317,ACYCRIPACLAGERRYGTCFYMGRVWAFCC,1,0.99999
P07108,MSQAEFEKAAEEVRHLKTKPSDEEMLFIYGHYKQATVGDINTERPGMLDFTGKAKWDAWNELKGTSKEDAMKAYINKVEELKKKYGI,0,0.00133
Q0G9J8,MAKGKDVRGIVILQCTSCVRNDFNKESRGTSRYITQKNRHNTPSRLELRKFCPYCYKHTIHGEIKK,0,0.0
P58930,SLGGKPDLRPCYPPCHYIPRPKPR,1,0.99027
P62562,GLWQKIKDKASELVSGIVEGVK,1,1.0
Q1QT72,MSLELFNQLEQKVQNAVETIEMLKMEAEELREENTRLKQERDEWERRLNGLLGKFQEIEDGNGETSQTP,0,0.00227
Q88424,MSLYDYWVQFVSYIIGANAPEFLYVISFVLFIVLFFGMFFKLIQKMWSF,0,0.00234
P0A106,MSNRQTGTVKWFNDEKGFGFITPQSGDDLFVHFKAIQSDGFKSLKEGQQVSFIATRGQKGMQAEEVQVI,0,0.00037
P34190,MPQLNPAPWFTILVFSWMIFLAIIPTKVMGHTSPNDSSPLSTEKHKTESWDWPWQ,0,3e-05
P83895,GKCADAWKSCDNLPCCVVNGYSRTCMCSANRCNCEETKKLREHFG,1,1.0
Q5D704,MLKLRLKRTGRKRSPSYRLVVMENTARRDGRPIEELGYYSPITKQYKFDVEKIKKWLDFGVKPTETVSSLLRKAEIIS,0,0.0
B6HY16,MAFLNKSLLLVLFLGLVSLSICEEERRENEDEEEQEDDEQSEMRRSLLSTLGNMAKAAGRAALNAITGLVNQGEQ,1,0.99964
P50115,MATELEKALSNVIEVYHNYSGIKGNHHALYRDDFRKMVTTECPQFVQNKNTESLFKELDVNSDNAINFEEFLVLVIRVGVAAHKDSHKE,1,0.54928
O63902,MPQLDTSTWFTTILSTSFSIIHRLQLKLTTHIFSPNPTPKDLKTLKHHNPWDKKWTKSYLPLSLHQH,0,0.0
P0DQJ9,FFPIIAGMAAKLIPSLFCKITKKC,1,1.0
P56976,MNRLIELTGWIVLVVSVILLGVASHIDNYQPPEQSASVQHK,0,0.00095
O55074,MGQLCCFPFARDEGKICEKDRREPEDAELVRLSKRLVENAVLKAVQQYLEETQNKKQPGEGNSTKAEEGDRNGDGSDNNRK,0,0.03
P80274,TVTCGQVASALSPCIDYLQKDGAVPAGSCCXKXLSSA,1,0.99355
O43927,MKFISTSLLLMLLVSSLSPVQGVLEVYYTSLRCRCVQESSVFIPRRFIDRIQILPRGNGCPRKEIIVWKKNKSIVCVDPQAEWIQRMMEVLRKRSSSTLPVPVFKRKIP,1,0.99947
Q25BI5,MMYPKNLPAGADTLIGMVGAISLTVMMILFFIAIVWFLQGTR,0,2e-05
P17237,IVPFLGPLLGLLT,1,1.0
Q8K3D3,MIDENNDVSEEALSSDIKKLKEKHDMLDKEISQLIAEGYRVIELEKHISLLHEYNDIKDVSQMLLGKLAVTRGVTTKELYPDFDLNLND,0,0.01114
A0A0U1RRE5,MGDQPCASGRSTLPPGNAREAKPPKKRCLLAPRWDYPEGTPNGGSTTLPSAPPPASAGLKSHPPPPEK,1,0.91538
P86620,FLSLIPHAISAISAIADHL,1,0.99999
C0HL88,DLPSGWSSYEGH,1,0.99754
P83430,SFGLCRLRRGFCARGRCRFPSIPIGRCSRFVQCCRRVW,1,0.99907
P0DXW7,MKFIVLLLIVTSVLMMFAVTTEASPQVNHKIERAKCGQKGKCYDGVNVQCIDCNTG,1,0.99999
Q9LJQ9,MTDQPAQNGLIPPPTSEPSKAAASAETKPKKRICCACPDTKKLRDECIVEHGESACTKWIEAHKICLRAEGFNV,0,0.0017
P83640,ALWKTMLKKLGTMALHAGKAAFGAAADTISQ,1,1.0
Q01572,MRPIHICLNVRFLFFRPIYACNIDFITLAFAVRKSLFDDPLNPLAIFKTLFLSYSSYTTSFNSHESPCIKSFTNSTLKINIYKILVNLPYLQK,0,0.05433
P0C2K4,VDKRRPIWVMLLSSYWQDGNSLGVDAIMTNYPEDVK,1,0.85358
Q5JIY5,MAKERACRHCHYITTEDRCPVCGSRDLSDDWFDLVIVLDVESRIAKKLRESIPEAAKVPGKYAIRVR,0,0.0055
P32560,QLYENKSRRPYIL,1,0.97265
P25404,MAKVPIAFLKFVIVLILFIAMSGMIEACIGNGGRCNENVGPPYCCSGFCLRQPNQGYGVCRNR,1,0.99915
P35490,NNFSDCFWKYCV,1,1.0
B7JYE8,MLTLKIAVYIVVAFFVSLFIFGFLSSDPTRNPGRKDFE,0,3e-05
P0CC16,ADSRNPLEEEFRETNYEEF,1,0.95184
Q9XZL1,MKLTCVVIVAVLFLTAWTFVTAVPHSSNALENLYLKARHEMENPEASKLNTRYDCEPPGNFCGMIKIGPPCCSGWCFFACA,1,1.0
P09692,NEESDLIADKFTNYNKLIRPAKH,1,0.89739
P60590,MKAQIFVVVLGLAALSVLCYGSEADESALHEEIFQLLAASDEVPKPQERDCVRFWGKCSQTSDCCPHLACKSKWPRNICVWDGSVGK,1,0.99998
C0HLE0,GLVSGLLNSVTGLLGNLAGGGL,1,0.99898
P00048,MGFSAGDSKKGANLFKTRCAQCHTLEEGGGNKIGPALHGLFGRKTGSVDGYAYTDANKQKGITWDENTLFEYLENPKKYIPGTKMAFGGLKKDKDRNDIITFMKEATA,0,0.00097
P81753,SGLDSLSGATFGGNR,1,0.99628
P84340,MKTPLTEAVSIADSQGRFLSSTQIQVLFGRFRQAKAGLXAAKAL,0,0.01355
P37857,RRLLRDLNIKINQVIPEGGSVKDLKNLPKAWFNLVPYREVGLMTAMYLEKKFGMPYVSTTPMGVVDMAECIQQIQRSVNTLAPTSSNKKVDYEPYIDEQTRFV,0,0.04593
Q9EPS2,MVAVRRPWPVTVAMLLILLACLGALVDAYPAKPEAPGEDASPEELSRYYASLRHYLNLVTRQRYGKRDVPAALFSKLLFTDDSDSENLPFRPEGLDQW,1,0.99773
P85115,IPRPLDPCIAQNGRCFTGICRYPYFWIGTCRNGKSCCRRR,1,0.99992
P0CI05,GGCCSHPACQNNPDYC,1,1.0
Q85FV9,MSRSVKKGAYVHVRLLKKIERLNQKGEKQIIKTWARSSTIVPAMVGHTLAVYNGKTHIPVFITDALVGHKLGEFAPTRNFRSHVKGDRKIRKSI,0,2e-05
C0HL71,GLFTLIKGAAKLIGKTVAKEAGKTGLELMACKITNQC,1,1.0
P82041,GVGDLIRKAVAAIKNIV,1,1.0
P0DN15,MVFLLCFFLVADVSYGINKDCLLPKVVGFCRARFPRYYYNSSSRRCEKFIYGGCGGNANNFSSYYECHIKCFGPRAIIFPEDSPKEN,1,0.98498
Q9DG58,MRIVYLLIPFFLLFLQGAAGTATQCRIRGGFCRVGSCRFPHIAIGKCATFISCCGRAYEVDALNSVRTSPWLLAPGNNPH,1,0.9993
Q5SD34,MVEALLSGIVLGSIPITLAGSFVTAYPQYRRGDQLDLR,0,0.00013
B0SR19,MENLIGYVAAFLTTVSFLPQVLRVVMTKQTRDISRNMYIMFFLGVVLWFVYGILRSDLPIILANVVTLFFVTIILYYKLTEGNQT,0,0.00416
P51224,MSKKCQLTGKVANNGYAVSHSHKRTKKLQNVNLQYKKVWSTEQNKWIKMLISTKAIKTLTKAL,0,0.0
P83546,FFGWLIRGAIHAGKAIHGLIHRRRH,1,0.94381
A6H5K3,MAKGGDVRVKITLECTSCTRDSVDKKYPGVSRYITQKNRRNTPIRSELKKFCPYCYKHTIHGEIKK,0,0.0
A4GYU5,MKIRASARKICEKCRLIRRRGRILIICSNPRHKQRQG,0,0.0
Q9C0X0,MLRYNFRYLHNVLSHTVVFCFTEVSLHIVKQLGVESYACTVHASRFQKSYSASIDYCQRFLFSSNLKHNYVNLNIIFTSCIFRSLREFLRFYIAAIMCFL,0,0.03172
P20739,ASFSVVGDIMGTSMQNLHQLLQMPFGCGEQNM,1,0.95623
Q32RS1,MVKLRLKRYGRKQQPTYRIIAIDVRCRRDGKALKEVGFYDPLKDKTQLNVPAILTLLQHGAQPTDTVSHILQKAGVFEK,0,0.0
P82443,TPHYXRFTWT,1,0.95859
Q06RC9,MTTFHFPSIFVPLVGLVFPAIAIASLFLHVQKNKIV,0,0.0
P61231,YCQKWMWTCDEERKCCEGLVCRLWCKRIINM,1,1.0
P0CV35,MAQLHRWDFWCFSTKPLGYLDVVQAIEAEVYDAWRQLRQSANPSKAWHQWKSETRKLFQDLDKKLRGQQEAVVHVAHATFTVAEMQYRQCGGEASHIVF,0,0.37305
A8W3I0,MNIDIVSMAWAALMVVFTFSLSLVIWGRSGL,0,2e-05
P86121,GWINEEKIQKKIDEP,1,0.99114
P80393,LSCKRGTCHFGRCPSHLIKGSCSGG,1,0.99988
Q95WC9,MNSLLMITTCLILIGTVLAEDGYLFDKRKRCTLECIDKTGDKNCDRNCKNEGGSFGKCSYFACWCKGLPGITPISRTPGKTCKI,1,1.0
Q3V2T4,MKIPILPVVALLSLLALHAVQGAALGHPTIYPEDSSYNNYPTATEGLNNEFLNFKRLQSAFQSENFLNWHVITDMFKNAFPFINWDFFPKVKGLRSAAPDSQ,1,0.99468
P80835,HLKYKDPEQG,1,0.95007
P05600,SVDCSEYPKPACPKDYRPVCGSDNKTYGNKCNFCNAVVESNGTLTLNRFGKC,1,0.99845
P34075,KICYNQPSSQHPTTKACPGEKNCYRKQWSDHRGTIIERGCGCPTVKPGVKLHCCTTEKCNN,1,0.99976
C9JLW8,MTSSPVSRVVYNGKRTSSPRSPPSSSEIFTPAHEENVRFIYEAWQGVERDLRGQVPGGERGLVEEYVEKVPNPSLKTFKPIDLSDLKRRSTQDAKKS,0,0.01527
P56472,ASRSQAEDVRVEGAFPVTMLPGDGVGPELMAAVGVIECLKLGDGLFLQCCEEVAELYPKNIANPTATLLASCMMLDHLKTSDMGGYATCQDFTEAVIGALSHP,0,0.00436
P30034,QEWSLPGTRVPPPADPEGGDANLRCVCVKTISGVSPKHISSLEVIGAGPHCPSPQLIATLKKGHKICLDPQNLLYKKIIKKLLKSQLLTA,1,0.99928
Q9TLV5,MAKKNIHPQWYEEAKFYCNGEIVKIIGSTRMEINADIWSGNHPFYIGTQKIVDTEGRIDKFIRKYNLNSENSESL,0,0.00036
P0DSL8,ISLAQIKKLLQIIKQGLKAICDNRDLIAKGCQA,1,0.95456
P0DL75,MKTIVYLIVSILLLSSTVLVLAEGNAASHELQEYPIEEQRKCVDGSCDPYSSDAPPCCDNQICQCIFFVPCYCKYRGK,1,0.99914
P82832,FLPILINLIHKGLL,1,0.99999
Q1XDS2,MIKTRLSTFFAYLIKNLNNKLYYSLSELTTGLISLLLGFFISTGLSTIPGQTGDWGIIAASLIVAATELTSKIVYSSHKQLNIKINLFNNFKIGITYGLFVDAFKLGS,0,0.00302
P58583,MLTSTLLAAATTPLEWSPTVGIIMVIANVIAITFGRQTIKYPSAEPALPSAKFFGGFGAPALLATTAFGHILGVGLVLGLHNLGRI,0,0.0046
P00991,MSSGGLLLLLGLLTLWAELTPVSGQDHPKFCYLPADPGRCKAHIPRFYYDSASNKCNKFIYGGCPGNANNFKTWDECRQTCGASAMGRPT,1,0.99899
Q13794,MPGKKARKNAQPSPARAPAELEVECATQLRRFGDKLNFRQKLLNLISKLFCSGT,0,0.10938
Q8VUS8,MNALVGCTTSFDPGWEVDAFGAVSNLCQPMEADLYGCADPCWWPAQVADTLNTYPNWSAGADDVMQDWRKLQSVFPETKGSS,1,0.6583
P21857,HPITESAEMPYPGPASLEERGVGSLDDLSLSEQNYPPQRGAGLRYATLEVLLEKQSLLNPFSRVFGIRKQFAGTTECFWKYCV,1,1.0
D6X268,MVLSRLNPIVKQCVLGNRPNLVSLGPVRTAVYSKSGGLLPEPHRTSFGIIRLILTVVPGLLIGAAISKNIANFLEENDLFVPSDDDDDDD,0,0.00206
O24332,MAKFASIVALLFAALVVFAAFEAPTVVEAKLCERSSGTWSGVCGNNNACKNQCIRLEGAQHGSCNYVFPAHKCICYFPC,1,0.99972
P69937,MSWIILVIAGLLEVVWAVGLKYTHGFSRLTPSVITVTAMIVSMALLAWAMKSLPVGTAYAVWTGIGAVGAAITGIVLLGESANPMRLASLALIVLGIIGLKLSTH,0,0.00227
P0CJ40,AHDGNPLEECFREDDEEFFLEIAKNGLTATSNPKRVVIV,1,0.60483
A0A0C5B5G6,MRWQEMGYIFYPRKLR,1,0.80005
P01371,EHDPSAPGNGYC,1,0.99828
P69776,MKATKLVLGAVILGSTLLAGCSSNAKIDQLSSDVQTLNAKVDQLSNDVNAMRSDVQAAKDDAARANQRLDNMATKYRK,0,0.00715
Q95Y72,MSSTAAKKDVKSSAVPVTAVVEKKEFEEEEFEEFPVQEWAERAEGEEDDVNVWEDNWDDETHESEFSKQLKEELRKSGHQVA,0,0.00053
P0DL01,QARPRHPKIPP,1,0.99892
P0C168,WCSTCLDLACGASRECYDPCFKAFGRAHGKCMNNKCRCYT,1,1.0
Q8KPP1,MPTRSTNPNKQPVELNRTSLFLGLLLVFVLGILFSSYFFN,0,0.0
P0CH88,VVGGKPAKLGAWPWMVALGF,1,0.9713
Q9XGX9,MDASMMAGLDGLPEEDKAKMASMIDQLQLRDSLRMYNSLVERCFVDCVDSFTRKSLQKQEETCVMRCAEKFLKHTMRVGMRFAELNQNAPTQD,0,0.00734
Q63064,MNTFLLLLTISLLVVVQIQTGDLGQNSTAVTTPANKAATTAAATTKAAATTATKTTTAVRKTPGKPPKAGASSITDVGACTFLFFANTLMCLFYLS,0,0.05273
P15516,MKFFVFALILALMLSMTGADSHAKRHHGYKRKFHEKHHSHRGYRSNYLYDN,1,0.97047
P41869,APNQPSDNMIRF,1,0.99103
P80980,SNTSHQDFHLFYGDNGMPVH,1,0.69494
P81527,AFELPALPYAKDALEPHISA,1,0.92869
P81896,XSNSGDLVDAVVPYMGESIS,0,0.00011
P50071,MADENTPVMPEEVPAVEGVGM,0,0.00243
P06372,MSKNLFMDLSSISEKEKGSVEFQIFRLTNRVVKLTYHFKKHGKDYSSQRGLWKILGKRKRLLAYLFKTNFVSYENLIIQLGIRGLKKN,0,5e-05
X5IWT5,MMSKMGAMFVLLLLFTLASSQQEGDVQARKTRPKSDFYRALPRSGSTCTCFTSTNCQGSCECLSPPGCYCSNNGIRQPGCSCTCPGTG,1,0.99701
O42413,MRALIVLVLLAVLVMAATCYESHESMESHEYLNPFLNRQRANGFIRDDTGLRAVLQERIRERNKAPQERQREICEDFHLCEQYALNHGYPAAYRHYFGRRRNK,1,0.99874
A0A3G3C7U2,MMSKLGVLLIICLLLFPLTAVPLDGDQPADRPAERMQVDIPTEHHPMFGAVRGCCGAWACMAGCRPCCG,1,0.99994
P82836,FLPAIAGVAAKFLPKIFCAISKKC,1,1.0
B1P1F5,KASVLITLAVLGVMFVWTSAAELEERGSDQRDSPALIKSMAKVFQSEERECTKLLGGCTKDSECCPHLGCRKKWPYHCGWDGTFGK,1,1.0
P80416,MIPGGLTEAKPATIEIQEIANMVKPQLEEKTNETYEEFTAIEYKSQVVAGINYYIKIQTGDNRYIHIKVFKSLPQQSHSLILTGYQVDKTKDDELAGF,0,0.04651
P0DP16,QVMVQGDGDQPAARNAVPKDDNPGGEAGKFMNVLRRSGCPWEPWCG,1,0.92437
P01431,LECHNQQSSEPPTTTRCSGGETNCYKKRWRDHRGYRTERGCGCPTVKKGIELNCCTTDRCNN,1,0.99929
Q9TKX8,MIKFSRRRLAKLANAQIDDRIDYKNVDLLRQFLTEEGKILPRRVTGLTAKQQRGMTRAIKQARIMALLEFIHR,0,4e-05
P86371,RGSXLTHLPLRNISD,1,0.90838
A0A125S9E6,MMSTLVVLLTICLLMLPLTARQLDADQLADQLAERMEDISADQNRWFDPVKRCCMRPICMCPCCVNG,1,0.9999
P01421,MICYKQRSLQFPITTVCPGEKNCYKKQWSGHRGTIIERGCGCPSVKKGIEINCCTTDKCNR,1,0.99982
O94724,MNRRVTLGALAAAVGVGYYMTRHNRQASSRLEQKNAEIVRAVENEGQRFDKAVGETTEKAKSYLQSGKERVVDELDKPRENVKNVLSEAQAKGTEQAEALKKGTSKWF,0,0.00272
Q19V80,MSNTGTTGRIPLWLVATVAGLAVIALLGVFFYGSYSGLGSSL,0,0.0
Q9PSJ0,EDIWKKFELLPTPPLSPSRAALPGDPGELGAVAGDCSLMGFGLTDPLDWASELLLLPGDDIWGASDGDLFGSVLDTTDNSIIIQDCMWSGFSA,0,0.07191
P85445,KIANGSGSEQDIAEAKI,0,0.01079
P83220,RFTFDCPGMMGQRYLYEQVEQVCDDCYNLYREEKIAVNCRENCFLNSWFTVCLQATMREHETPRFDIWRSILKA,1,0.99829
P69007,ARRRRRSSRPQRRRRRRRHGRRRRGRR,0,0.0087
O53077,MEIKKTAIAGTLESSDVQIMLSKGTVGVEFDLVSDVAKQFADDIKSTIKETLGLYGIENAVVKVVDKGALDMVIKARTLTAIQRALDAVDQPNWEVL,0,0.01299
Q9MUP4,MQDFQKYLSTAPVLATIWFIILAGLLIEINRFFPDALLVPMK,0,0.00013
Q39084,MAARSLSGAVKSLCSAASGSLSCSIVLRRSYVATSQNVTAAGLSKGGSTRVMVGKMEQRGLDQEAESAWGPDPVTGYYRPSNRAAEIDPAELRELLLKNKAKSF,0,0.01502
P0C615,CRTEGMSCEENQQCCWRSCCRGECEAPCRFGP,1,0.99999
P34781,MNRKDIKDILIKLLVIHACVTFVFAITFLMCNVEAAIILKSLSIFTKCKYFYDNIYIIFYNIFYCIKLYFINFFVF,0,0.00904
P58787,MGKLTILVLVAAVLLSTQVMVQGDADQPADRDAVPRDDNPSGTDGKFMNVLRRFGCPWQPWCG,1,0.99998
P41867,AAGQDNFMRF,1,0.97285
P0DTD8,MIELSLIDFYLCFLAFLLFLVLIMLIIFWFSLELQDHNETCHA,0,0.00115
P41613,MQDLKTYLSTAPVLAILCVSFLAALLIEINRFFPDALFLSLSFS,0,0.00054
Q5D232,MLKFVVLIFVVIMASTFAEQCGDKVCGEGTCCSEFPVVHCRELGIVDDLCMSPGETTDSGRYLFFCPCETGLRCDKNDWTCKQDSSRSE,1,0.99888
Q9BAC5,MKKELILKFLWLEKSIAVCLDQKVGDSITPLTEFFFWPQKDAWEEMKNFLESQSWITQSDSVNLLNNITEVINFWQERDTNVIDRKHISNLREKFPDIIVIGQ,0,0.01209
P0DKQ3,MKLTCVVIVAVLLLTACQLITADDSRGTQKHRALRSDTKLSMSTRCKGTGKPCSRIAYNCCTGSCRSGKCG,1,0.99998
P0C8T0,GLLDTLKNMAINAAKGAGQSVLNTLSCKLSKTC,1,1.0
Q9TLR9,MNIRKNSKSVSKRFKVTSNKLILYKPASKSHLQEKKTVSRKKRLCRVKRIKVVDSKSIKLRYMF,0,0.0
P01560,NTFYCCELCCNPACAGCY,1,1.0
P85910,WFDPLRITETTTGSVTLK,0,0.15379
P84588,STAGDTHLGGEDF,0,0.0032
D2Y171,MRFYIGLMAALMLTSILRTDSASVDQTGAEGGLALIERVIRQRDAADVKPVARTNEGPGRDPAPCCQHPIETCCRR,1,0.99836
Q7M463,LPYPVNCKTECECVMCGLGIICKQCYYQQ,1,0.999
Q8SL91,NSWENNKNIIFSGSLIWVFLLIIVGFLNYLVV,0,0.00021
P80496,AKEAAAPTTLKGDQVLKDIFYEVKNKLETAIGV,0,0.31427
Q3E7B6,MSSFYTVVGVFIVVSAMSVLFWIMAPKNNQAVWRSTVILTLAMMFLMWAITFLCQLHPLVAPRRSDLRPEFAE,0,3e-05
C0HKZ8,MECYKCGVSGCHLKITCSAEEKFCYKWRDKISNERWLGCAKTCTEENTWRVYNSCCTTNLCNP,1,0.99983
P15421,MYGKIIFVLLLSGIVSISASSTTGVAMHTSTSSSVTKSYISSQTNGITLINWWAMARVIFEVMLVVVGMIILISYCIR,0,0.0065
Q3E840,MSTYDEIEIEDMTFEPENQMFTYPCPCGDRFQIYLDDMFEGEKVAVCPSCSLMIDVVFDKEDLAEYYEEAGIHPPEPIAAAA,0,0.00081
P24013,MVDKKSRGHINSDLEFKKKKHAREMKYQVLSFGLMIGLTIVAFLTVATDGVGSWFTIPFIILLAAIQVIFQLYYFMHMNQKGHEAPALFLYSGVFVAFITVLAFVTIIWW,0,0.00108
Q6B8W4,MKMKKTNIKMHVKRGETVQIISGREKGKIGKIIKVLPKSSQVIIDNLNIATKHLKAQKEGDSGQIIRIEKPIHSSNVIQYKLDSNTSIKDRV,0,1e-05
I0HUL6,MWRIWRLFDPMRAMVAQAVFLLGLAVLIHLMLLGTNKYNWLDGAKKAPVATAVAPVPAEVTSLAQAK,0,0.00339
C0HJY5,RYCPSGCRKKPYGGGCSC,1,1.0
Q20F18,MESPAFFFTIFLWCLLLSVTGYSVYVGFGPPSKDLRDPFDEHED,0,0.00883
P02677,HYYDDTDEEERIVSTVDARGHRPLDKKREEA,1,0.99884
P0CV87,AKKRAGNGCFGLKLDRIGSMSGLGC,1,0.99999
P55749,LTNKTARFLVNGTSIPEVDFDVGE,0,0.05362
P0DM49,DLVQFGQMILKVAGRSLPKSYGAYGCYCGWGGRGK,1,0.99999
P52256,IVTVDCSDYPKPVCTLDYMPLCGSDNTTYSNKCNFCNAVVDSNGTITLSHFGKC,1,0.99851
Q6WQI6,MGNWGLGIAPWVDGESELEFRRLGMQGPLEALRRREWNTQRASFSFSFLIALSPHTVDYCHSYELFNRRWHGHVLATQRPSLFILMLV,0,0.02924
P03618,AEGDDPAKAAFDSLQASATEYIGYAWAMVVVIVGATIGIKLFKKFASKAS,0,0.02878
P41599,MLTLKLFVYAVVVFFISLFIFGFLSNDPGRNPGRKE,0,3e-05
P36235,SDDKCQGRPMYGCREDDDSVFGWTYDSNHGQCWKGSYCKHRRQPSNYFASQQECRNTCGA,1,0.99998
P60975,ECLGFGKGCNPSNDQCCKSANLVCSRKHRWCKYEI,1,0.99999
Q5N1F0,MAGEIFGTAFLFIVLVPVGLALGAFLLKVQGVQKAEK,0,1e-05
O70791,MSSQQETNDKSNTQGHPETDPEGKTGTDTGNTEDSPPDTDNVPITDDAIMDDVMDEDVKEEDIDYSWIEDMRDEDVDAEWLFELIDECNGWPD,0,0.03651
P83240,FWGALAKGALKLIPSLFSSFSKKD,1,0.99879
P15837,MAEAAPEIPPENENPQREPWEEWIGEILEEIKQEALKHFDPRLLTALGNFIYSRHGDTLAGAGELIKILQRALFLHFRAGCQHSRIGQSGGGNPLSTIPPP,0,0.00588
P81626,QVTFSRDWSP,1,0.95062
P82339,SVFDEYLEKSKANK,1,0.99752
P81373,ATYKVKLVTPSGQPLEFECPDDVYILDQAEEEGIDLPYSCRAGSCSSCAGKVKNGNVDQSDGSFLDDDQIGEGWVLTCVAYPTSDVVIETHKEEELTA,0,0.00032
P35179,MARASEKGEEKKQSNNQVEKLVEAPVEFVREGTQFLAKCKKPDLKEYTKIVKAVGIGFIAVGIIGYAIKLIHIPIRYVIV,0,0.00152
O97385,MIALRLIAVTLVVAMAASTTWARSFNKRANFDPSCAGVYNRELLGRLSRLCDDCYNVFREPKVATECRNNCFYNPVFVQCLEYLIPADLHEEYQAHVQTVGK,1,0.99905
P36215,KHTLPDLPYDFGALQPHISAEIM,1,0.75967
Q9PS48,TPDHQRYVELFIVVDHGMYTKYNGD,1,0.99148
P18024,MTKIKTVTFVNTYPGGSMKNLLDTEGTVLFPFQTEIHFIWTIFSTVKRLVIGTRDHICQKQYWSACLCILLLMAYVGLCAAVVWFVVPC,0,0.00865
P84016,AFCRFNGQQCTSDGQCCNGRCINAFQGRICIG,1,0.99999
P0CV32,MTSVVIVVSVAVLLGVLVITDSSWPCVFNSTAKWSLQHIESVTLERPRWSRVKKPSSSKWRHLRTILQWWQERRKQAHLLDTWQKQAMDMDECLTRYRDAKHDDICVISE,0,0.02502
P85113,LFCRKGTCHFGGCPAHLVKVGSCFGFRACCKWPWDV,1,1.0
P85410,APQANSFYVGAKAGD,0,0.19892
P0DJ31,AAAISCVGSPECPPKCRAQGCKNGKCMNRKCECYYC,1,0.99999
P82298,GVPSVSTVNVAQKQHDVNFLLFKVYI,1,0.98864
P0CH75,IDTCRLPSDRGRCKASFERWYFNGRTCAKFIYG,1,0.99786
Q8WI18,MAKKSLIEREKKRKKLVQEYNSIRKLLKEEIKKASSLKEKWEIHKKSQILPRNSAPTRLHRRCSLTGRSRSNYRDFGLCRHVLREMAHTCSLPGVTKSSW,0,3e-05
P49503,MLKLRLKRSGRKKQPSYRLVVMENTTRRDGRPVEQVGYYNTITKESYFDVIKIKKWLNYGAKPTQTVLNLLKKAKIIDQ,0,0.0
A0A6M3Z541,MKLIYIFSLVAVIAVTMIPGIMGEAEAEGRPPQIGIFDQIDKGMAAFMDLFKG,1,0.99842
P56391,MAEDIKTKIKNYKTAPFDSRFPNQNQTKNCWQNYLDFHRCEKAMTAKGGDVSVCEWYRRVYKSLCPVSWVSAWDDRIAEGTFPGKI,0,0.00292
Q9IAU2,MSRHVTVVLLLAVVLLLSSHMSHGQHWSYGLWPGGKREVEGLQESYSEVPNEVSFTDPQHFERSIPQNRISLVREALMNWLEGENTRKKI,1,0.99617
Q35584,MPQLNTTTWLTIITPTLLALFLITQLKLLNSHLHPPTPPKFTKTKPHAKPWELKWTKIYSPHSLPPQY,0,0.0
Q9USR7,MPRQISDIKQFLEIARRKDATSARIKKNTNKDVKFKLRCSKYLYTLVVADAKKAEKLRQSLPPDLTVTEVGKKA,0,0.00012
C0HK89,GLGSLLGKAFKIGLKTVGKMMGGAPREQ,1,1.0
P19859,RPRFCELAPSAGSCFGFVSSYYYNRYSNTCHSFTYSGCGKNANRFRTIDECNRTCVV,1,1.0
P84038,DQDCLPGWSSHEGHCYKVFNLDKTWEDAEKFCTEQPSNGHLV,1,0.99952
A8W3K4,MEKKKGARGNIILECTGCVRNSHNRVSKGVSRYITQKNRHNTPNRLELKKFCPHCYKHIIHGEIKK,0,0.0
A0T0T9,MVNTGRVPLWLVGLVGGFAVITIVSLFIYGSYSGLGSSL,0,0.0
P0C8D2,LKVPDLPLPESYKKALELAKDDLAREIXI,1,0.94852
P41651,MAVPKKRTSRSKKKIRKNVRKGKAYRAAIKAFSLAKSISTGHSKSFYCIVNDDSSGSSESKLTAIDLDDP,0,0.0
A6MMQ2,MLLLKHGRIEILDQNTMYG,0,0.0007
A0A1X9QHL1,MKLFLVSIVLVGMLVLAAARPERDIDSFDEQEEKGFVKRGASCDCHPFVGTYWFGISNCPSGHGYRKKCASFFGVCCVK,1,0.9998
B3EWT4,NYCVAKRCRPGGRQCCSGKPCACVGKVCKCPRDNS,1,0.99981
P84794,LPSDATLVLDQTGKELDARL,1,0.66767
B8YB63,MMIPIRCFTCGSLIADKWQPFITRVNAGENPGKVLDDLGVKRYCCRRMLLSHIDIISEVIHYTRPI,0,0.00784
Q9XMI9,MPQLDTTPWFITILSMIITLFILFQSNMSKYLYPLEPQPKTLKTQLYNAPWETKWTKIYLPHSLHLH,0,1e-05
P85093,DVNELNDVEERRAVVPQVWEIDIMITKHNDEIIQIEER,1,0.97952
P82078,GLLGFVGSLLGGLGI,1,1.0
P80780,AHVEVPNSLY,1,0.90156
Q3YEE8,MHCLPVFVILLLLTASGLSVDARPKTEDDVPLSSFRDNTKSTLQRLLKRVNCCPIDESCCS,1,0.99954
P9WP57,MPKSKVRKKNDFTVSAVSRTPMKVKVGPSSVWFVSLFIGLMLIGLIWLMVFQLAAIGSQAPTALNWMAQLGPWNYAIAFAFMITGLLLTMRWH,0,0.00029
P18865,LVVMLESRFPGPARGVANCRQQVLELEKEFHYNRYLTRRRRIEIAHSLCLSERQIKIWFQNRRMKWKKDHDSPTPK,0,0.00292
P86258,KPCCSIHDSSCCGI,1,0.99991
P0CJ29,GIKDWIKGAAKKLIKTVASHIANQ,1,1.0
Q801Y3,MKAFSVAVVLVIACMFILESTAVPFSEVRTEEVGSFDSPVGEHQQPGGESMHLPEPFRFKRQIHLSLCGLCCNCCHNIGCGFCCKF,1,0.99999
P06514,MQTLPKERRYETLSYLPPLTDVQIEKQVQYILSQGYIPAVEFNEVSEPTELYWTLWKLPLFGAKTSREVLAEVQSCRSQYPGHYIRVVGFDNIKQCQILSFIVHKPSRY,0,0.00225
P52239,TAMVDCSDYPKPACTLEYMPFCGSDSKTYSNKCNFCNAVVDSNGTLTLSHFGKC,1,0.99904
P0C161,TVINVKCTSPKQCLKPCKDLYGPHAGAKCMNGKCKCYNN,1,1.0
P00226,ASYKVKLITPDGPQEFECPDDVYILEHAEELGIDIPYSCRAGSCSSCAGKLVAGSVDQSDQSFLDDEQIEEGWVLTCVAYPKSDVTIETHKEEELTA,0,0.00037
P0A4M4,IDCCEICCNPACFGCLNDANGLINGDRPIRAQHVC,1,0.99999
P0DSI5,MQLSHLLLAFAMIFVMTIIHTPQVQADAMADADADAAINCRRYPRHPKCRGVSA,1,1.0
P0DJP8,SLIQFETLIMKVAGQSGMFSYSA,1,0.98905
P0DPV4,MKKTCVVSVFLVLLLLKFHDLSMGEEISPLKKVARREDNLVLSCAEFPCPEGYICDTASQKCRPGTD,1,0.99993
P56249,MHFLKKSIFLVLFLGLVSLSICEKEKREDQNEEEVDENEEESEEKRGLMSVLGHAVGNVLGGLFKPKS,1,0.99947
O19894,MAVPKKRTSKSKKKSRRSHWINKAKTRIRNFLNLAKSISNKKATSFAYSTIKN,0,0.0
A0A1W6EVM7,MKAIMVLFYVMMLTIIASVSMVNGSPGKDDYVNPKEQLGYDILEKLRQKP,1,0.98218
P80406,AIVEQQGAPXGLGRIINKXK,1,0.99782
Q09022,MRYAIVFFLVCVITLGEALKCVNLQANGIKMTQECAKEDTKCLTLRSLKKTLKFCASGRTCTTMKIMSLPGEQITCCEGNMCNA,1,0.9973
P80984,VHGKPATIDHFALIXVSYF,1,0.61947
Q46386,MNNPRGAFVQGAEAYGRFLEVFIDGHWWVVGDALENIGKTTKRLGANAYPHLYGGSSGLKGSSPKYSGYATPSKEVKSRFEK,1,0.86633
P22688,KPSPDRFYGLM,1,0.99785
P19173,MAGGHVAHLVYKGPSVVKELVIGFSLGLVAGGFWKMHHWNSQRRTKEFYDMLEKGQISVVADEE,0,0.00036
P56918,LLPILGNLLNGLL,1,1.0
P56738,AILELPQSPNVFHPEKPSAVG,1,0.84723
P83451,RIIEPIAGGPFIVMTWNYPGTIGIIAVDANGHIAVGTSTN,0,0.48688
P12507,APEDSQSHQVSLSKQPASQAGGDPTGPKESKKKVESETETDPVP,1,0.60503
P15341,MARYRCCRSQSQSRCRRRRRRRCRRRRRRSVRQRRVCCRRYTVLRCRRRR,0,2e-05
P0C468,MKKKGGRKIFGFMVKEEKEENWGSVEFQVFSFTNKIRRLASHLELHKKDFSSERGLRRLLGKRQRLLAYLAKKNRVRYKKLISQLDIRER,0,4e-05
A0A2K4Z9J5,MSTFQALMLMLAIGSFIIALLTYIEKIDLP,0,0.00028
Q4G371,MITDSQIFFALCIALTAAVLAIGLGRQLYV,0,0.00013
P0ACV4,MKYLLIFLLVLAIFVISVTLGAQNDQQVTFNYLLAQGEYRISTLLAVLFAAGFAIGWLICGLFWLRVRVSLARAERKIKRLENQLSPATDVAVVPHSSAAKE,0,0.00198
P01434,MQCCNQQSSQPKTTTTCPGGVSSCYKKTWRDHRGTIIERGCGCPRVKPGIRLICCKTDECNN,1,0.99863
Q65204,MLTMVSLARFIINTASFNKSIYPLSQVYVKIHLSHKYNHILFTYNMRIYLIKRNHMLFTHMLISCN,0,0.02441
P04032,MKRVLLLSSLCAALSFGLAVSGVAADGAALYKSCIGCHGADGSKAAMGSAKPVKGQGAEELYKKMKGYADGSYGGERKAMMTNAVKKYSDEELKALADYMSKL,0,0.05412
P82301,SPAFQAQKQAKVNDVLDKLY,1,0.99179
P83441,NPEDWFTPDTCAYGDSNTAWTTCTTPGQTCYTCCSSCFDVVGEQACQMSAQC,1,0.99984
A0A2L0ART2,MEKKIIFLVFLVALLALPGFISTEVIKKDTPYKKRKFPYKSECLKACATSFTGGDESRIQEGKPGFFKCTCYFTTG,1,0.99842
P0C8I9,DCPSDWSNHEGHCYRVFNEWMNWAD,1,0.99987
Q9BBP7,MTRSLTKNPFVANRLLRKINNLNTKSEKEIIITWSRTSTIIPAMIGHTIAIHNGKEHLPIYVTDRMVGHKLGEFSPTLNFRGHAKNDNRSRR,0,2e-05
Q07425,MKNLFIALMLLFSSIALSQTVENDTKTVQQPQQIESKVNIKKLSENEECPFIKQVDENGNLIDCCEICCNPACFGCLN,1,0.83718
P80812,ANDPDFPYTVQANRP,1,0.99983
P0DM46,TVTPEQDRYLQVKKY,1,0.54618
H1ZZI4,MKGIILLISCLMLIEVVVGGKEGYPLDSSGCKAGCFFGTNSWCNTECKRKSAAKGYCAWPSCYCYEFTDDSKIWNAKTNKCYK,1,0.99171
P64581,MSKEHTTEHLRAELKSLSDTLEEVLSSSGEKSKEELSKIRSKAEQALKQSRYRLGETGDAIAKQTRVAAARADEYVRENPWTGVGIGAAIGVVLGVLLSRR,0,0.00476
Q08628,FVHWYVGEGMEEGEFSEAREDLAALEKDYEEVGIETAEAEGEEEGYGEEL,0,0.00665
P20304,DLAGEIHGLSNVK,1,0.92562
P0CI41,NCPAGCRSQGCCM,1,1.0
P0DQJ7,GLLDTLKGAAKNVVGSLASKVMEKL,1,1.0
P41321,STQMLSPPERPREFRHPNELRQYLKELNEYYAIMGRTRF,1,0.99302
P82389,MAFLKKSLFLVLFLGLVSLSICEKEKRQNEEDEDENEAANHEEGSEEKRGLFDIVKKVVGALGSLGKRNDLE,1,0.99997
P85874,INWKKIASIGKEVLKAL,1,1.0
P15504,SFAVGSSYGAAPDPLEAQREVCELNPDCDELADHIGFQEAYRRFYGPV,1,0.95387
P01262,CSNLSTCVLGKLSQELHKLQTYPRTDVGAGTP,1,0.86925
Q9IA10,MAAQTFALRLLLVGTLLGTLLGQGCCQHWSYGLSPGGKRELDGLSETLGNQIVGSFPHVATPCRVLGCAEESPFPKIYRMKGFLDAVTDRENGNRTYKK,1,0.98789
Q6EW35,MPTIVSYFGFLLTASTITPALFIGLSKIRLI,0,0.0
P0CH49,GILKKFMLHRGTKVYKMRTLSKRSH,1,0.97933
S4UJW3,MGMRMMFTLFLLAVLSTTVVSFTLDRASNGRDAAADSKAADQIAQTVRDECCSNPSCAQTHPEICRRTLMLQNPLNHDMSPSA,1,0.99902
P55966,RCSPCFTTDQQMTKKCYDCCGGKGKGKCYGPQCICAPY,1,0.99998
Q9P7L9,MMFMQQFRNLLHPAMKGARNISILAGGGTMRGFPTRNPFNTATLYSSLPTMNIFGQMQQVRWKTYGNEYQPSNRKRKRKHGFLSRIRSVNGRRVLRDRRQKGRMYLSH,0,0.0
Q9SAF8,MKMGGSKRRVSSKGLGAVLKEQRAKLYIIRRCVVMLLCWHD,0,0.00865
P0CE28,MLKLEMMLVVLLILPLFYFDAGGQVVQGDWRSDGLARYLQRGDRDVRECNINTPGSSWGKCCLTRMCGTMCCARSGCTCVYHWRRGHGCSCPG,1,0.99811
P01326,MALWMRFLPLLALLFLWESHPTQAFVKQHLCGSHLVEALYLVCGERGFFYTPMSRREVEDPQVAQLELGGGPGAGDLQTLALEVAQQKRGIVDQCCTSICSLYQLENYCN,1,0.99998
P16965,MTRTNKWTEREGKADPKYFSHTGNYGESPNHIKKQGSGKGNWGKPGDEIDDLIDNGEIPPVFKKDRRGSNLQSHEQKFENVQKE,0,0.00798
O00453,MLSRNDDICIYGGLGLGGLLLLAVVLLSACLCWLHRRVKRLERSWAQGSSEQELHYASLQRLPVPSSEGPDLRGRDKRGTKEDPRADYACIAENKPT,0,0.10407
P81149,AAPKAPADGLKMDKTKQXVVFNH,0,0.13011
P82907,ISLEICXIFHDN,1,0.99213
P04124,MADLKPSLTGLTEEEAKEFHGIFVTSTVLYLATAVIVHYLVWTARPWIAPIPKGWVNLEGVQSALSYLV,0,0.00374
P0DPC4,MPVNGIFDVFDMLSIYIIYKLIVSNNTWLIMRK,0,0.03336
P04612,MEPVDPRLEPWKHPGSQPKTACTTCYCKKCCFHCQVCFITKALGISYGRKKRRQRRRA,0,0.00055
P0CC11,GPLTILHINDVHAAFEQFNT,1,0.5775
P86690,DWTYTTWLWWWWWWT,1,0.99886
Q5RFG9,MRAKWRKKRMRRLKRKRRKMRQRSK,0,0.0
P0DTV4,GTLGNLPAPFPG,1,0.9932
P0CD68,LKLKDILGKIKVILSHLNK,1,0.99981
Q7M290,WGEQEASILVPGDIVSIKLGDIVPADARIDQSGLTGESLPVTKNPGDEVFSGSTCKTGTLTLNKGIVGMTGDGVNDAPALKTLHGLQAPESTSLNLPNDKELSEIAEQAK,0,0.00451
Q6B931,MAHKKGSGSTKNGRDSRSQRLGIKKYGGESVIIGNIIIRQRGSQFKPGVNVKLGKDDTLFALANGKVIFKKKKKKHTIVNVIENILQ,0,0.0
Q9P7E0,MISFFPNKPMYHVQPHISFITPERTMKTIPAFSRWAFAAVAGVFVFAMQVPKVKTTILQPIAFIGDHFKDKTPEEDKWL,0,0.00375
P67788,MYKLTVFLMFIAFVIIAEAQLTFTSSWGGKRAMTNSISCRNDEAIAAIYKAIQNEAERFIMCQKN,1,0.98882
P24777,LKCHNKLVPFLSKTCPDGKNLCYKMSMEVTPMIPIKRGCTDTCPKSSLLVKVVCCKTDKCN,1,0.99996
G1TZ76,MPLAKDLLHPSPEEEKRKHKKKRLVQSPNSYFMDVKCPGCYKITTVFSHAQTVVLCVGCSTVLCQPTGGKARLTEGCSFRRKQH,0,2e-05
B7FDP2,MNSLLMITACFFLIGTVWAKEGYLVNKSTGCKYGCLLLGKNEGCDKECKAKNQGGSYGYCYAFGCWCEGLPESTPTYPLPNKSCSKK,1,0.99663
O94251,MSVERIKRAPAFRKGIIIRRKTHLIAMIRRMRKKLDIDGSILYQATGMAIPHLVELSDKYKRQGYNISMDTATVEFMDEIVDEVSIQNKNRLGNVLLLRVSR,0,0.00415
Q9W7K0,MKTLLLTLVMVTIMCLDLGYTLTCYKGYHDTVVCKPHETICYRYLVPATHGNAIPARGCGTSCPGGNHPVCCSTDLCNK,1,0.99977
A4QJQ7,MIKNAFISLQEKKEESRGSVEFQVFSFTNKIRRLTSHLELHRKDYLSQRGLRKILGKRQRLLVYLSKKNRVRYKDLINKLNIRELKTR,0,3e-05
P82601,ACSRAGENCYKSGRCCDGLYCKAYVVTCYKP,1,0.99975
P82418,GLKDWVKIAGGWLKKKGPGILKAAMAAATQ,1,1.0
A0A075B6Y9,YGGSQGNLIFGKGTKLSVKP,0,0.01044
P22975,KGSSGMMSMVAAAIAANRTKKGASAQAIRKYVAAHSSLKGAVLNFRLRRALAAGLKSGALAHPKGSAGWVLVPKK,0,0.00494
Q2RQ23,MAEVKQESLSGITEGEAKEFHKIFTSSILVFFGVAAFAHLLVWIWRPWVPGPNGYSALETLTQTLTYLS,0,0.0012
P69555,MATQTVEDSSKPRPKRTGAGSLLKPLNSEYGKVAPGWGTTPFMGVAMALFAIFLSIILEIYNSSVLLDGILTN,0,0.00351
C1KIZ3,MDTKVACLLLIILGALTVQGAVSGNKRMNLHARQWGGIERECMNNGEEQCFPMGQCPGGFRECSEYYCGSPSLGCCCWDEW,1,0.99998
C0HKQ1,GFFLNALKNFAKTAGKRLKSLLNHASCKLSGQC,1,1.0
Q2VEF7,MAKGKDVRVTVILECTSCVRNSVDKVSRGISRYITQKNRHNTPNRFELKKFCPYCYKHTIHGEIKK,0,0.0
Q7TNV7,MKISCFLLLILSLYFFQINQAIGPDTKKCVQRKNACHYFECPWLYYSVGTCYKGKGKCCQKRY,1,0.99987
P0DM28,ATSGPMGWLPVFYRF,1,0.97301
A0A369,MKIRASVRKICDKCRLIRRRGRIIVICSNPRHKQRQG,0,0.0
C0HL57,FFFLPSLIGGLVSAIK,1,0.99946
Q75JK6,MAGQYWRAAGITYLQYANICGTHVRNCLKEPFRAAAKNREGFISNTVMYQNGKESSTIILNSELLQKELLVKKN,0,0.02528
P52656,MSYQLYRNTTLGNTLQESLDELIQYGQITPGLAFKVLLQFDKSINNALNQRVKARVTFKAGKLNTYRFCDNVWTLMLNDVEFREVHEIVKVDKVKIVACDGKSGEF,0,0.00379
P52926,MSARGEGAGQPSTSAQGQPAAPAPQKRGRGRPRKQQQEPTGEPSPKRPRGRPKGSKNKSPSKAAQKKAEATGEKRPRGRPRKWPQQVVQKKPAQEETEETSSQESAEED,0,0.0054
P0CD67,LNLTKWLGKLGVILSHLNK,1,0.99646
Q9NRI6,MATVLLALLVYLGALVDAYPIKPEAPGEDAFLG,1,0.97953
P0A9L5,MAKTAAALHILVKEEKLALDLLEQIKNGADFGKLAKKHSICPSGKRGGDLGEFRQGQMVPAFDKVVFSCPVLEPTGPLHTQFGYHIIKVLYRN,0,0.08066
Q09X35,MVKLRLKRCGRRQRAIYRIVAIDVRSRREGRALRKVGFYDPIKNQTYLNVPVILYFLEKGAQPTGTVHDISKKAGVFMELRLNHQTKFN,0,0.0
P35518,MKNQLNFNIVSDEELAEVNGGSLQYVMSAGPYTWYKDTRTGKTICKQTIDTASYTFGVMAEGWGKTFH,1,0.9956
P12521,MAERPPEDEAPQREPWDEWVVEVLEELKEEALKHFDPRLLTALGNYIYDRHGDTLEGAGELIRILQRALFIHFRSGCAHSRIGQSRGVL,0,0.00271
O78425,MEQKNKKNTIPWIWGFNVYAENWNGRLAMISFLLIICVEFITNKNVLDLVKLN,0,0.00031
D6C4I9,MNVTVMFLVLLLLTMPLTDGFNIRATNGGELFGPVQRDAGNVLDHGFQRRRECPPWCPTSHCNAGTC,1,1.0
Q7VDR4,MAPLTLDLLAQLPEAYQLYAPTVDVLPLIPLLFFLLVFVWQAAVGFR,0,1e-05
P80779,AVNGGPATLPEYQI,0,0.33526
Q9BTM9,MAAPLSVEVEFGGGAELLFDGIKKHRVTLPGQEEPWDIRNLLIWIKKNLLKERPELFIQGDSVRPGILVLINDADWELLGELDYQLQDQDSVLFISTLHGG,0,0.0075
P09353,MSVCKGVSGNPAKGEVFLYKHVNFQGDSWKVTGNVYDFRSVSGLNDVVSSVKVGPNTKAFIFKDDRFNGNFIRLEESSQVTDLTTRNLNDAISSIIVATFESA,1,0.6858
Q9FFS4,MASILGDLPSFDPHNFSQHRPSDPSNPSKMVPTTYRPTHNRTLPPPDQVITTEVKNILIRSFYQRAEEKLRPKRPATDHLAAEHVNKHFRAASSSSSTQGL,0,0.1203
Q9MUM6,MSLQVPVAKEDNRESNSHLATLSGNLYTRMNLPHEPRARAGIVFFMEKQSNLALHSEFLLHVIIN,0,0.01588
P86354,YDNVNLDEILANDRLLVPYIKCLLDEGKKAPDAKELKEHIRXAL,1,0.99804
P82439,NYQYSPPPPPKKKYY,1,0.99991
O82275,MCDGDCRPLGFLLGLPFAFLSLLLSIIGVIIWIVGLLLSCICPCCLCVTVLVEIAIGLIKAPIHVMEWFMSKIPC,0,0.01715
P0C1B7,ADVPGNYPLDKDGNTYTCLKLGENKDCQKVCKLHGVQYGYCYAFECWCKEYLDDKDSV,1,0.99629
Q65J28,MAKRKANHVINGMNNAKRQGNGAGYIENDQHILTEAERQNNKKRKTNQ,0,0.00392
B7K625,MTSNNPNQPVSYPIFTVRWLSVHALAVPTVFFIGAISAMQFIQR,0,2e-05
P0DMA1,HECCKKGFCDPGCDCCDQ,1,1.0
A0S864,MKTLLLAVAVVAFVCLGSADQLGLGRQQIDWGQGQAVGPPYTLCFECNRMTSSDCSTALRCYRGSCYTLYRPDENCELKWAVKGCAETCPTAGPNERVKCCRSPRCNDD,1,0.979
Q71KP7,METAALVTIFLSCLLVSFTGYALYTAFGEPSKELRDPFEEHED,0,0.00137
P18686,MEAALLVEKNLNQALLDLHGLASARGDPHICDFLENHFLDEEV,0,0.00638
P0CH89,DRCIWPKEGFSIYWNIPTHFCHNFGVYFKEL,1,0.99886
Q03440,MANQTNSGNERVDLAYRRRKNAEEMRHQMIAFVLMILLTLIAFAAVGYEEFSHWFVVPFILLLAAVQVAFQLYYFMHMSHKGHEFPAMFIYGGVAVMLLLVWAFTTVVWW,0,0.00153
P0AET2,MNISSLRKAFIFMGAVAALSLVNAQSALAANESAKDMTCQEFIDLNPKAMTPVAWWMLHEETVYKGGDTVTLNETDLTQIPKVIEYCKKNPQKNLYTFKNQASNDLPN,1,0.79275
P26887,DECANAAAQCSITLCNLYCGPLIEICELTVMQNCEPPFS,1,1.0
P08613,DEPKPDQFVGLM,1,0.9966
P0DRB0,KDGYPMNSEGCKISCVIGNTFCDTECKMLKASSGYCWTLGLACYCEGLPENVEVWDKATNKCG,1,0.99897
P0DJB2,DDCTTYCYGVHCCPPAFKCAASPSCKQT,1,1.0
Q03512,MRIAKVRGTVVSTYKEPSLQGVKFLVVQFLDEAGQALQEYEVAADMVGAGVDEWVLISRGSQARHVRDCQERPVDAAVIAIIDTVNVENRSVYDKREHS,0,0.00179
Q7LZF6,HVGGDECNINEHRSLVAIFVFTEFF,1,0.99695
Q9MUL8,MAAPKKRTSKSRKNMRKSTWKRQAATQAKKALSLAKSIATGKSTIRGVQSNLSDES,0,0.0
P32879,LTCCNQQSSQPKTTTDCADNSCYKKTWQDHRGTRIERGCGCPQVKPGIKLECCKTNECNN,1,0.99739
A5GNP1,MTPSLANFLSSLVWGAVIVVVPASIGLFFLSQTDRVDRKL,0,0.0
Q95WD1,MNSLLMITACLVLFGTVWSEKGYLVHEDTGCRYKCTFSGENSYCDKECKSQGGDSGICQSKACYCQGLPEDTKTWPLIGKLCGRK,1,0.99867
Q6B4T4,MKLLFEGLLVLVLIAFVVAEFESDAEKWEALITQERACKGEGVKGCYYEADDWCCKKTPCKCPAWSHERECRCTQPCNPSCRGKRALMVDPETHRMLSLHRLSEE,1,0.99998
P83562,MRTIVFLIVSILLLSSAVLMLAEGNAASHELQEYPIEESLEEQRKCVDGSCDPYSSDAPRCCGSQICQCIFFVPCYCKYRGK,1,0.99972
P84003,FIGAILPAIAGLVGGLINR,1,0.99998
P85042,FGTYGHPRPRFYYNP,1,0.99732
Q92374,MERPTPRVTKDMLPECSGKTVRIVGKANQVEGETAKVDSNGSFDMHLTVDNTLEPNHFYEFVVSVKPDSSVQLLTCVDFGTDIDMEVYQKLVLFSHKYNSLFFE,0,0.00226
P04039,MLCQQMIRTTAKRSSNIMTRPIIMKRSVHFKDGVYENIPFKVKGRKTPYALSHFGFFAIGFAVPFVACYVQLKKSGAF,0,0.00013
P00108,VDINNGESVFTANCSACHAGGNNVIMPEKTLKKDALEENEMNNIKSITYQVTNGKNAMPAFGGRLSETDIEDVANFVISQSQKGW,0,0.01245
O78424,MSNSFTLLFSSFIGFLQIYLILLLIRVSLTWFPNVNWYGQPFYSLSRITDPYLKMFRGIVPPLIGIDISPILGFILLQCIMQIVSNIGLSS,0,0.00482
P42053,XVXEDYLEKSKANLELNDKKXXXT,0,0.07495
P0CD70,GFLSALKKYLPIVLKHV,1,1.0
O78461,MIESYSDSFVAMKKFAETYAKRTNTFFCNDLSITQIVLEGLAKHKDEYGAPLCPCRHYDDKSEEVASTYWNCPCVPMRERKECHCMLFLTKDNEFAGSSQTL,0,0.0137
Q20EX4,MVEPLLSGIVLGLVPVTLAGLFVTAYLQYRRGDV,0,0.0
P33714,QGPWMEEEEAAYGWMDF,1,0.99779
P0DJI6,MGGPTRRHQEEGSAECLGGPSTRAAPGPGLRDFHFTTAGPSKADRLGDAAQIHRERMRPVQCGDGSGERVFLQSPGSIGTLYIRLDLNSQRSTCCCLLNAGTKGMC,0,0.26207
Q32067,KRSLRDLGIPVNQIIPEGGSLKYLKDLPRAWFNIVPYREVGLMTAIFLEKKYGMPYVSVTPMGILDTAEFIAQMEKLVNAWASVLSKEKVNYISYIKNQTQFV,0,0.07506
Q9TWM7,MKLTCMMIVAVLFLTAWTFVTADDSGNGMEILFPKAGHEMENLEVSNRVKPCRKEGQLCDPIFQNCCRGWNCVLFCV,1,0.99998
P69210,MAQFEWVHAAWLALAIVLEIVANVFLKFSDGFRRKIFGLLSLAAVLAAFSALSQAVKGIDLSVAYALWGGFGIAATLAAGWILFGQRLNRKGWIGLVLLLAGMIMVKLA,0,0.01671
P15416,MSVITKVAAAKNKIVVGAGLLMASAGAFAADDGTSTATSYATEAMNSLKTQATDLIDQTWPVVTSVAVAGLAIRLFKKFSSKAV,0,0.00753
Q8R400,MKYPLVPLVSDLTLSFLVFWLCLPVALLLFLTIVWLHFLLSQESKEDDSDLCFNWEPWSKRPSECGCEETFPGEEDGLHW,0,0.00879
P56641,GCCSYPPCFATNSGYC,1,1.0
B3EWU5,GFGSLFKFLAKKVAK,1,1.0
P0DPU7,MKVFIAVLSIAIVLIIIVSIQETTANTGEAETTFAVPNKKFTREDCKKECARRFTNGVLSKVIIAKLTGTKCYCKYKT,1,0.995
P0C8J4,DFDCPPDWSAYDXQCYYAF,1,0.99992
O74837,MSNVTLSDFLLIVLSFFVPFIVVGIRRGFCTADFLINICLCALGIPGIIHAIYIVIKYPRTVRLDIENSPNDPLVRYTPNPEHAVSPHSGPAPPSYSSLASNDNKHQSP,0,0.00429
P35758,MKIFRDILTNAEVVXDNDKPMDVLDEIVYAXQGRYIE,0,0.02371
P84286,AAVPEAAAEATAEAAPVSEF,0,0.17362
P80848,DNPSSTPPLR,1,0.99948
P41989,YVMGHFRWDKF,1,0.98882
P19054,KLPEAYAIFDPLVDVLPVIPVLFFALAFVVQAAVGFR,0,1e-05
P80822,EYIPFIHEWV,1,0.99693
Q9XZH0,ILSFVFACLLALSAVSAAPEPRWKVFKKIEKMGRNIRDGIVKAGPAIEVLGSAKALGK,1,1.0
A7VN13,MRVFFSLIIFSFTLATCQGVCAPRPEHIDGEVATRICVDPNDRRKHLVVSKWNTAGCTICECFKGGLRCCLRHDAIPFRDGCESVLNQVTCEYEFYRLDDLSKRCDA,1,0.97956
P85066,CGPCFTTDHQMEQKCAECCGGIGKCYGPQCLCNR,1,0.99999
O75920,MARGNQRELARQKNMKKTQEISKGKRKEDSLTASQRKQSSGGQKSESKMSAGPHLPLKAPRENPCFPLPAAGGSRYYLAYGSITPISAFVFVVFFSVFFPSFYEDFCCWI,0,0.0345
P80453,ATVYNQDGTQVNVGGRVEVAL,0,0.00233
Q8BT20,MKVAGVFLLLSLALLCFFSGAFSQGGQDKRGWITRSEGRFPGKGVLRHRLFQINCGEFRDPKVFCTRESDPLCGSDGQTYGNKCAFCKALEKSSGKINLKHRGKC,1,0.99973
Q9BSF0,MGCMKSKQTFPFPTIYEGEKQHESEEPFMPEERCLPRMASPVNVKEEVKEPPGTNTVILEYAHRLSQDILCDALQQWACNNIKYHDIPYIESEGP,0,0.01169
Q0P3P5,MAVPKRRQSNAQSGMRAATWKRKALDAARNALSLGKSLTTRKSTGFYYPPAPVSENWDDEAKGFGKDLDAAE,0,1e-05
P0DM68,MKASLFAVIFGLVVLCACSFAEDQFASPNELLKSMFVESTHELTPEVEGRYCQKWMWTCDAERKCCEDMACELWCKKRLG,1,0.99994
P0DSL0,IDPKLLESLA,1,0.99994
P27751,MAVPKKKMSHSKSNSRKSNWKRKVIKKINFAVTLGKSLSFGKLSKFYLDD,0,0.0
O08546,MKVVILMALLVLTAHCVPVSRFPGKIFLYCPFFNRKHCQRFCEFFKICRKPPLSRRTTVVPSFPLTTEADLSLTGGPLTPDRRGDSR,1,0.99971
B7KL15,MTPSLANFLWSLVWGAVIVVIPATVALIFISVNDQIKRSQ,0,0.0
A0T0V7,MAHKKGAGSTKNGRDSNAKRLGVKRFGGETVKAGSILIRQRGMKFKPGVNVGYGKDFTLFALIDGTVKFDYKDAQHKRVNIITQ,0,1e-05
Q7WY65,MKTRPKKAGQQKKTESKAIDSLDKKLGGPNRPST,0,0.00264
O31718,MIYKVFYQEKADEVPVREKTDSLYIEGVSERDVRTKLKEKKFNIEFITPVDGAFLEYEQQSENFKVLEL,0,0.01215
P00211,MGYSVIVDSDKCIGCGECVDVCPVEVYELQNGKAVPVNEEECLGCESCIEVCPQNAIVE,0,0.00627
A0A6G9KHE4,MEVPKFLFIAVIVIALSSSLTWAHPMAAPDPNAEAAAGAWAEPAAEPAAEAVAEAAAEAAAEAAAEAVAEAVAEALAEAESEPGLPLLALLMTLPFIQHAITNG,1,1.0
Q0ZIX8,MTRSLKKNPFIAKHLLRKIAMLNTTWEKEIIVTWSRTSTIIPTMIGHTIAVHNGKEHFPIYITDRMVGHKLGEFSSTLNFRGHAKNDNRSRR,0,5e-05
A0A6B9KZ83,MKLLGLLLLVFTFMALAFADEKDCIARGQKCVGENKPCCKGTTCMYYANRCVGV,1,0.99934
P46157,MRIVYLLLPFILLLAQGAAGSSQALGRKSDCFRKNGFCAFLKCPYLTLISGKCSRFHLCCKRIWG,1,0.99987
P18399,MNTLIYLIPVALSLGGLGLVAFLWALKSGQYEDLDGASWRILDDGDGEGESSQTL,0,7e-05
P82436,MPPPGSKSXGT,1,0.9987
P69067,CSNLSTCVLGKLSQDLHKLQTFPRTNTGAGVP,1,0.96441
P85357,NACSSDLNSK,1,0.99997
P68660,MTRQEELAAARAALHDLMTGKRVATVQKDGRRVEFTATSVSDLKKYIAELEVQTGMTQRRRGPAGFYV,0,0.02062
P00858,MPQLVPFFFVNQVVYAFVILTVLIYAFTKFILPKFVRIFISRIYINKL,0,0.0
P11540,MKKAVINGEQIRSISDLHQTLKKELALPEYYGENLDALWDCLTGWVEYPLVLEWRQFEQSKQLTENGAESVLQVFREAKAEGCDITIILS,0,0.01684
Q36838,MPQLIPFFFFNQVVFTLISLSFIFFVFSKYILPWIVRLYVSRNQYNSL,0,0.0
Q0VAQ4,MTSLLTTPSPREELMTTPILQPTEALSPEDGASTALIAVVITVVFLTLLSVVILIFFYLYKNKGSYVTYEPTEGEPSAIVQMESDLAKGSEKEEYFI,0,0.02215
C0HLA4,DCPSGWSSYEGHCYRVFNEPKNWADAERFCKLQPKHSHLV,1,0.99919
C0HL39,LGPQLNKGCATCSIGAACLVDGPIPDEIAG,1,0.98797
P0DL40,MHPIIWELSHMVDLQAAAQKLKRCYQRRVAITAGGLKHRLMSSLIIIIIIRINYLRDNSVIILESSY,0,0.04659
P01539,KSCCPTTTARNIYNTCRFGGGSRPVCAKLSGCKIISGTKCDSGWNH,1,0.99978
P09982,ARDAYIADDRNCVYTCALNPYCDSECKKNGADGSYCQWLGRFGNACWCKNLPDDVPIRKIPGEECR,1,1.0
O97373,MKFFTVLFFLLSIIYLIVAAPGEPGAPIDYDEYGDSSEEVGGTPLHEIPGIRL,1,0.99831
P61961,MSKVSFKITLTSDPRLPYKVLSVPESTPFTAVLKFAAEEFKVPAATSAIITNDGIGINPAQTAGNVFLKHGSELRIIPRDRVGSC,0,0.00046
F5CPE2,MRTLLLTLVVVTIVCLDLGNSLICYVSEYGAKMTCPEGKTLCEKYAVPLMQGHFYFAWRCTSTCKAGAYNICCSTDLCNKIP,1,0.99801
P26888,DICDDAVAQCSMTLCQLCYNTEICELSVIGSCQPPFS,1,1.0
A0A1R3S3A8,MKQSLILAVLCLALVFATIEAKPKADPNIIVGGCIKCHVKNASGRCVRIVGCGVDKVPDLFSDPNIIVGGCSKCHKQDSSGNCVRIAGCGVDPVRDAE,1,0.99996
P84472,NLYQFKEMIRYTIP,1,0.99743
Q9TLU7,MINDIKQLHKRYRLLVHLSNNHVYAQIIDDLNNRTVLSVSTLTPQVKSKLSITCNKKAAELVGEYVAQQALNFGIRNVVFDRGRKLYHGKVEVLANSARSFGLKF,0,0.00011
Q9D915,MKAKPSHQATSMSSSLRVSPSIHGYHFDTAARKKAVGNIFENIDQESLQRLFRNSGDKKAEERAKIIFAIDQDLEEKTRALMALKKRTKDKLLQFLKLRKYSIKVH,0,0.06122
P0DSM0,LFGGLLDKLREKIKKYCNKENLDKACSKL,1,1.0
C0HK09,GFLDVVHVGKAVGKAALNAVNDLVN,1,1.0
O97686,MASIGQGLVLLLLLLLLTAQPGPLKAQHWSHGWYPGGKRSPDSPQDPQPAPRFPEGYWLGLAAGNPRQSTQSLPSKALAPPEDTVSEEAKTMAWWHLQKQRLIQTLLPRP,1,0.99267
Q0G9F6,MDGIKYEVFTEKSIRLLENNQYTSNVESGSTRTEIKHWVELFFGVKVIAMNSHRLPGKGIRMGPIMGHTMHYRRMIITLQPGYSILTLIQKRT,0,7e-05
P86567,APLMGFQGVR,1,0.99972
P52221,MTELGKYAGTVLAAYGASLVLLIGIVVQTVLANARARRELQEHERRG,0,1e-05
P0DJR2,SLLQFEMMIMEVAKRSGIFWYSA,1,0.99884
P0DMR9,QRQCERLRDCYKYCMSPKRCTYGTCYCEPSP,1,1.0
P0DJN8,NLLQFNKMIKIMTKKNAFPFYTS,1,0.99979
Q14FD6,MANGKDVRIRVILECTSCVRKSVNKKSIGISRYITQKNRHNRPSRLELRKFCPYCYKHTIHGEIKK,0,0.0
P0DV82,SLFEFGKMILKETGKNPFTSYGFYGCYCGWGGRGGPKDATDRCCF,1,0.99988
Q8HG02,MPQLDMSPWPMVIMSMILTLFYITQLKMLNFTFYNTPSSKLSMPHKHKTTWELKWTKIYLPPSMYQ,0,1e-05
P81833,ADLIQRRQRSEFQSDIKGILYTVIKKNPDL,1,0.91573
P15871,MVSEAIAALKEREGSSEFAIGKKKE,0,0.10623
P81029,SADQPNSIPPRERKAGCKNFYWKGLTSC,1,0.99561
P10625,ETFTVKMGGDAGTLQ,1,0.83188
A0A5P9K470,MAFLKKSLFLVLFLGLVSLSICEEEKRENEDEEEQEDEEQSEEKRASWKVFLKNIGKAAGKAVLNSVTDMVNQGEQ,1,0.9997
P82780,GFLDIINKLGKTFAGHMLDKIKCTIGTCPPSP,1,1.0
B1WZK3,MELLAALNLEPIFQLTFVGLIVIAGPIVIAVLAFRGGDL,0,0.0
Q25BI4,MPGAVELDENTINPVSDIAYKDDNGNWRAGPDAKKGYEQGQFIDSDYAEKATSIRRTTNLIKSIQRARDVSEGEARELKDDMVTELEKAETKEERRDIWQKYGSP,1,0.75477
W4VSF6,MGKLTILFLVAAALLSTQVMVQGDGAHERTEAEEPQHHGAKRQDGTGGYPVDDVDMMQRIFRTPLKRQWCQPGYAYNPVLGICTITLSRIEHPGNYDYRRGRQ,1,0.99999
P60207,PLFDKRQRCCNGRRGCSSRWCRDHSRCCGRR,1,1.0
Q10139,MRSSLKPVLSNLRFNSTIASESLRFHVSRTPSKNLPVYLDYKQRGTKILTLIRKIHGDSNALRLRLISTLKMSPKDVYVNKLTNQVVLKGNHIVTVREWLQDQGF,0,0.00102
E1AXF5,MFTMKKSLLVLFFLGTISLSLCEEERNADEDDGEMTEEEKRGLLSTFKQVGISALQGAAQGLLNTLSCKIAKTC,1,0.99922
Q9X7I5,MFKIFSTKWFRSAPVVATIWIVITAGILVEWNRFVPDLLFHPGL,0,1e-04
P84919,GLPCDCHGHTGTYWLNYYSKCPKGYGYTGRCRYLVGSCCYK,1,0.9999
Q06139,MQSISNCPIGLVSKNTINSASTIAEWVACPWKYINVVGSGRYVSNKPDKITRYDLLKAAQEAEMQELLTRNDMKGRHKRNKKSKIALETIAEENSSTESLF,0,0.02549
P80838,IPCRKAIDVPFGXRYVVXTW,1,0.99778
Q01790,HILKHNGSKPIRCPECNYTCVNRSMLTSHMKSHSNTYPYRCLDCNYATKY,0,0.02303
P07470,MRALRVSQALVRSFSSTARNRFENRVAEKQKLFQEDNGLPVHLKGGATDNILYRVTMTLCLGGTLYSLYCLGWASFPHKK,0,0.0004
Q8CUT7,MSKRKMGPKQQKNPELPKSPEQPYGEPLSGSKKEKKANHSGQKHNPHHGL,0,0.00149
C0HM26,QPRSHVDCPALHGQCQSLPCTYPLVFVGPDPFHCGPYPQFGCCA,1,0.99999
P0DM74,PSPPGFSPFR,1,0.99997
P14442,EDGSDAVSGEFLAEGGGVR,1,0.99166
Q9CQ75,MAAAAASRAVGAKLGLREIRVHLCQRSPGSQGVRDFIVQRYVELKKAHPNLPILIRECSEVQPKLWARYAFGQEKTVSLNNLSADEVTRAMQNVLSGKA,0,0.00084
P53305,MNVPKARLLKVAELSAKIFDQNFNPSGIRTGSKILNERLKGPSVASYYGNPDILKFRHLKTLYPDIEFVDLEEQYRLSMVEAKKRRGKGAPKKMKKDAAATAKGKGKKKK,0,0.0003
P82542,MDPAGPDNDERFTYDYYRLRVVGLIVAAVL,0,0.00048
P86819,PPGFTPFRIY,1,0.99905
Q03067,MTEETITIDSISNGILNNLLTTLIQDIVARETTQQQLLKTRYPDLRSYYFDPNGSLDINGLQKQQESSQYIHCENCGRDVSANRLAAHLQRCLSRGARR,0,0.00551
P12633,MVPPVQVSPLIKLGRYSALVLGMAYGAKRYSYLKPRAEEERRVAAEEKKRLDELKRIERELAEGDTILK,0,0.00285
Q9ZZ50,MPQLNPHPWFAILVFSWIFFLVILPKKVMTHLFNNNPTAKSAEKPKPEPWNWPWT,0,4e-05
P86533,NQDCLSDWSFYEQYCYKVF,1,0.99993
D0NIY2,MRLSFIIVAVSLLAGGSGAAGAAYPASDVLTSRGTNEGARTGKRSLRYDSNVERTGEEDDEIKFLPDAEKLAQLAKLAHTNKADSLGTSLKNFLSN,1,0.99984
P83128,DKNAYGIDLIL,0,0.08407
P81071,FPIDDDDKIVGGYTNR,1,0.9989
P0C2V2,ACSKQLGEKCKCNKQCCGATVVCGTIWVGGKEVNKCMSKTSNNWFLNKLGEGMNAVANAFSISCN,1,0.99998
B8QG00,MKTSSLTIIFIAVIITIICLNIHDIEAREIEFNAGRVVRSEKDCIKHLQRCRENKDCCSKKCSRRGTNPEKRCR,1,0.99994
A6H5J7,MPTITSYFGFLLASLIFTLALFIGSSKIRLL,0,0.0
P82313,DAHGSGNAHKQQDINHLLD,1,0.98817
P82300,GAGEALNAKRQQDVNHLLDLIYDHLHY,1,0.9529
P15220,MCMPCFTTRPDMAQQCRACCKGRGKCFGPQCLCGYD,1,0.99993
P0DKL8,QDHPVFCYLPADPGICKAHKPRFYYNPASNKCKEFFYGGCGGNANNFKTRDECHHTCVASAMGRPT,1,0.99988
Q9TLQ9,MVEVLLTGIVLGSIFITLLGLLAAAKLQYNRKKTN,0,5e-05
P0CJ32,GFKDLLKGAAKALVKTVLF,1,1.0
Q5G8A8,MKRMILFTSCLLLIDIVVGGKEGYPADSKGCKVTCFLTAAGYCNTECKLQKASSGYCAWPACYCYGLPDSASVWDSATNKCGKK,1,0.99304
C7B247,MKFQYLLAVFLIVLVVTDHCQAFFSLLPSLIGGLVSAIKGRRRRQLEARFEPKQRNFRKRELDFEKLFANMPDY,1,0.99934
B1XJ18,MDSVAYIIVLAMALSVLFFAIAFREPPRIEK,0,4e-05
C4R127,MAQPDKYYNKYTYQMSPAMLRARRPYFWKNMGAFGILGGISLSVYLYTYNFLMQDDFENIPIPPIKDEDLAALRREYEEKKQLSK,0,0.00067
P37854,KRLLQDLNIKVNKVIPEGGSVKDLQDLPKAWFNLVPYREIGLMTAIYLEKNFGMPYISITPMGIVDTAEFIRQIEKHVNNLVSNKKFNYEPYIDQQTRFV,0,0.03906
Q5SCW1,MTASYSPSISVPLVGLVFPAITMVLSFIYIERDEIV,0,0.0
P69733,MSSHEREEELRKRLRLIHLLHQTIDSYPTGPGTANQRRQRRRRWRRRWQQLLALADRIYSFPDPPTDTPLDLAIQQLQNLAIESIPDPPTNTPEALCDPTKGSRSPQD,0,0.01114
P56529,MSKLGALLTICLLLFPITALLMDGDQPADRPAERMDYDISSEVHRLLERRHPPCCMYGRCRRYPGCSSASCCQGG,1,0.99999
Q4VZM8,MARSLKKNPFVGNHLLKKINKLNTKGEKEIIVTWSRASTIIPTMIGHTIAVHNGKDHLPVYITDRMVGHKLGEFAPTRNFRGHVKNDNRSRR,0,2e-05
P0DUK8,VGKNVICIHSGQCLIPCIDAGMRFGICKNGICDCTPKG,1,0.99999
G9I929,MSSGGLLLLLGLLTLCAELTPVSSQIRPAFCYEDPPFFQKCGAFVDSYYFNRSRITCVHFFYGQCDVNQNHFTTMSECNRVCHG,1,0.99984
Q3E846,MGLFSFDGGKKESQPPNTRSQRKLCWESRDAFFQCLDKADILDAMDPKNSKSIKSHCKVENEKFEENCAHSWIKYFKEKRVIDFKREQTIKRIEQEAKQRERNQ,0,0.00164
P41552,STKNGRDSNSKRLGVKVYGNQPIKKGGIIIRQRGLTFKPGINVAVGKDYTLFALQEGDVKFETIANRKFVSVIK,0,1e-05
P82342,EETLSEXERVYL,0,0.11229
A0A348G5V8,MKPSGITFAFLVVFMMAIMYNSVQAAAIADADADAEAKAFADAFAEAGWGSIFKTVGKMIAKAAVKAAPEAISAMASQNEK,1,1.0
P85434,ELVTLSGAHTIGQAR,1,0.97995
P69013,ARRRRSSSRPIRRRRPRRRTTRRRRAGRRRR,0,9e-05
Q6B8W1,MPLPKIQDIQDFTDKEIEEKIIKLKKEIFDLKLKQATRQNVRSHLFKHKKHQLAQLLTIKKDSNYV,0,0.00029
Q85FI0,MDKLKNQVITGKSIRLLQQNQYTFQVDLKLTKTGMKDWIERFFDVKVEGINSSRMTSKNGKKKNKLNITYVSYKKMIVRLKKNYFIPLFMSQT,0,8e-05
P85041,YNPASNQCQGF,1,1.0
F4IIS6,MNEEERVGSSSSSSSSLPVSYGVDCEKYDFSSSVSSLSQPFSPEGSSNKSHVLENNLSFVFSLDHNSNSSLMFPRDRPCSCLHHVFEWILQRCCGCLC,0,0.03599
P81417,MNFTKLFAIVLLAALVLLGQTEAGGLKKLGKKLEGVGKRVFKASEKALPVAVGIKALGK,1,1.0
P43175,MNNEKNVSFEFIGSTNEVDEIKVMACYAAGSICGEKRGYCSSDPGRYCPWQVVCYESRKICAKNAAKMRMNVTKNTI,1,0.82268
P48895,MPQLSPMNGLLIMFSVTLMLLIVLVINHFMLTPMASPLLASHLKTKKSGGEKLYY,0,0.0
P32423,FLPVLAGIAAKVVPALFCKITKKC,1,1.0
O16829,MNFYKIFVFVALILAISIGQSEAGWLKKLGKRIERIGQHTRDATIQGLGIAQQAANVAATARG,1,1.0
Q8HYS0,MKVSAATFAILLATATFRAPASASPYASDTTPCCFAYISGRLPFTHVQEYFYTSSKCSMPAVVFVTRKHRQVCANPQKKWVREYINSLEMS,1,0.99695
P68726,MKLLLLLIVSASMLIESLVNADGYIKRRDGCKVACLVGNEGCDKECKAYGGSYGYCWTWGLACWCEGLPDDKTWKSETNTCGGKK,1,1.0
Q9BKU8,MTRGNQRDLAREKNQKKLADQKKRQGASGQDGNAGLSMDARMNRDADVMRIKQEKAAAKKEAEAAAAAANAKKVAKVDPLKM,0,0.00145
P0DL24,KDGYLVGSDGCKYSCLTRPG,1,0.99519
P08608,AKFDKFYGLM,1,0.99645
Q5VSB5,MYNAPMAQDMSYYEHVQRRHEEKGCLYACIFTALCCFCCYETCECCLDCLCCCCN,0,0.00607
P0DL05,QNRHPPIPPAP,1,0.99975
Q9PRT7,SLVELGKMILQETGKNPVTYGAY,1,0.94473
C0HM35,LVPMFLSKLICFITKKC,1,0.99994
P84062,AELKSCFPVGHECDDDASNCNCCGDDVYCACGWGRWNCKCKVADQSYAYGICKDKVNCPNRHLWPAKECKMPCRRNCG,1,0.99995
Q8HS08,METATLVTISISCLLVSFTGYAIYTSFGRPSEQLRDPFEDHED,0,0.00014
A2CI66,MSKKTLINNYAIHTSDTGSTQVQVALLTAKVIQLSQHLKNHNKDYASQRGLRKILGSRKQLLKYLSHKDPVSYQGLISKLGIRALRSN,0,0.0002
Q7U9C4,MTPSLSNFLSSLVWGGLIVVVPATIGLILISQTDRLDRKL,0,0.0
P45407,EFLRPLFIMAIAFTLLFFTLHIMAMRNEIWRRRIAAQRRLAARMASREE,0,0.05966
P83435,GKEGYPADSKGCKVTCFFTGVGYCDTECKLKKASSGYCAWPACYCYGLPDSASVWDSATNKC,1,0.99938
G1SF08,MSGRLWCKAIFAGYKRGLRNQREHTALLKIEGVYARDETEFYLGKRCAYVYKAKNNTVTPGGKPNKTRVIWGKVTRAHGNSGMVRAKFRSNLPAKAIGHRIRVMLYPSRI,0,0.00016
A5A615,MNVSSRTVVLINFFAAVGLFTLISMRFGWFI,0,3e-05
P50229,MKVSTAALAVLLCTMALWNEVFSAPYGADTPTACCFSYGRQIPRKFIADYFETSSLCSQPGVIFLTKRNRQICADPKETWVQEYITELELNA,1,0.99781
Q9TJQ6,MMLNLLQYPVIKTPKATRLLENNQYSFDIDKKLTKPQIKKLVEEYFNIKVLAINTHRPPRKIKRSGSAPRSKRVIITVSANINLLG,0,1e-04
P80329,XXLKGIPTDEEQATGLEEYA,0,0.12186
Q85FZ3,MQNATLISVFVASLVIGITAYAIFVSFGPSARNLRDPFEEHED,0,0.00021
P83390,SCNNSCQQHSQCASHCVCLLNKCRTVN,1,1.0
P35094,AEVLTSEQAEELHKHVIDGTRVFLVIAAIAHFLAFTLTPWLH,0,0.05255
P09190,MSGTTGERPFSDIVTSIRYWVIHSITIPMLFIAGWLFVSTGLAYDAFGTPRPDEYFTQTRQELPILQERYDINQEIQEFNQ,0,0.00076
G4V3T9,VKDGYIVDDKNCAYFCGRNAYCDDECEKNGAESGYCQWAGVYGNACWCYKLPDKVPIRVPGRCNG,1,0.99995
Q0P3J8,MPLSDTQVFTALFVALITGILSLRLGTQLYK,0,0.00068
D4YWD1,FLGTINLSLCEEERDADEEERRDEPDESNVEVKKRFFFLSRIFGK,1,0.59334
B2CS62,CRVENKCPHTVCCDRSRCSCKLIRTRPLMYHVCVC,1,0.99943
P0CI11,NEVCPPGECQQYCCDLRKCKCINLSFYGLTCNCDS,1,0.99996
Q10996,CPCGRRRCCVRGLNVYCCF,1,0.99998
P45658,MNYLIMFSLALLLVIGVESGRDGYIVDSKNCVYHCYPPCDGLCKKNGAKSGSCGFLVPSGLACWCNDLPENVPIKDPSDDCHKR,1,0.99997
P0DTM3,NFLGTLVNLAKKIL,1,1.0
P51225,MSVSQVTDASFKQEVINNDLPVLVDFWAPWCGPCRMVSPVVDAIAEEYESSIKVVKINTDDNPTIAAEYGIRSIPTLMIFKSGERVDTVIGAVPKSTLESTLNKYIS,0,0.00152
P14455,ADTGDGDFITEGGGVR,1,0.98354
P56274,AQIVKLGGDDGSLAFVPSKISVAAGEAIEFVNNAGFPHNIVFDEDAVPAGVDADAISYDDYLNSKGETVVRKLSTPGVYGVYCEPHAGAGMKMTITVQ,0,0.0042
P85490,ARVPFYRYYK,1,0.9969
B1NWH2,MDKSKRLFLKSKRSFRRRLPPIQSGDRIDYRNMSLISRFISEQGKILSRRVNRLSLKQQRLITIAIKQARILSSLPFLNNEKQFEKKRVGRYNY,0,0.0
P01379,MKTLLLTLVVVTIVCLDLGYTRECYLNPHDTQTCPSGQEICYVKSWCNAWCSSRGKVLEFGCAATCPSVNTGTEIKCCSADKCNTYP,1,0.99999
P85356,DDPTSTFTCPGGSNYK,1,0.99991
Q9Y5J7,MAAQIPESDQIKQFKEFLGTYNKLTETCFLDCVKDFTTREVKPEETTCSEHCLQKYLKMTQRISMRFQEYHIQQNEALAAKAGLLGQPR,0,0.00924
P0CAP0,QKKCPGRCTLKCGKHERPTLPYNCGKYICCVPVKVK,1,0.99999
P01452,LKCNKLIPIAYKTCPEGKNLCYKMMLASKKMVPVKRGCINVCPKNSALVKYVCCSTDRCN,1,0.99996
Q8AIH9,MEQAPNDNGPQREPYTEWLLDILEEIKQEAVKHFPRPILQGVGNWVFTIYGDSWEGVQELIKILQRALFTHYRHGCIHSRIGS,0,0.00424
P61850,TDVDHVFLRF,1,0.99283
P11160,IDIKRIIEHLPRQRLGVLITDHNVRETLAVCERAYIVSQGHLIAHGTPQQILEDEQVKRVYLGEDFRL,0,0.00831
P13858,ALVTQSNAPSWGLGRISNRQAGIRDYHYLSGTSM,1,0.87193
P83112,EVDMRCKSSKECLVKCKQATGRPNGKCMNRKCKCYPR,1,0.99995
A6MW19,MKVVSSIGSLKNRSKDCQVVKRRGRLYVICKSDPRLKVRQGGAKMKRK,0,2e-05
P17722,MKIYFIVGLLFMAMVAIMAAPVEDEFEPLEHFENEERADRHRRVTCDLLSFKGQVNDSACAANCLSLGKAGGHCEKGVCICRKTSFKDLWDKRFG,1,1.0
Q38623,MYRKFSDECFGPSTLINAIKVIALVVLITISAVVYLSVC,0,1e-05
P56676,MRASMFLALAGLVLLFVVCYASESEEKEFPRELLFKFFAVDDFKGEERACKGVFDACTPGKNECCPNRVCSDKHKWCKWKL,1,0.99983
C0HLR6,KGGYPVDSKGCKISCVINNEYCSRDCTSGYCYFLRWGLACWCDGVPPQR,1,0.99734
P30438,MKGACVLVLLWAALLLISGGNCEICPAVKRDVDLFLTGTPDEYVEQVAQYKALPVVLENARILKNCVDAKMTEEDKENALSVLDKIYTSPLC,1,0.98464
O61668,MKFFLIFLVIFPIMGVLGKKNGYAVDSSGKVSECLLNNYCNNICTKVYYATSGYCCLLSCYCFGLDDDKAVLKIKDATKSYCDVQIIG,1,0.99616
O78459,MLKDIQIYELNERIKKKKLKTYNRNKLLKLLTYVERHKICIVLYFNLIKRQLIYIEFVFIRN,0,0.00055
P0CG44,DEQTGSKGPNENLPSQKDLXAKASXLTEV,1,0.92872
P51390,MTKGNANQPVSYPIFTFRWLAIHGLAIPTVFFLGAITSMQFIQR,0,2e-05
P57744,MSSLSTSDLASLDDTSKKEIATFLEGENSKQKVQMSIHQFTNICFKKCVESVNDSNLSSQEEQCLSNCVNRFLDTNIRIVNGLQNTR,0,0.00371
B8HVK3,MKDFLTYLSTAPVITAIWLGITAGILIEFNRFFPDLLFHPL,0,3e-05
Q20EX5,MLTVIAYLGLLASVLIGTIVIYLGLVKVKLI,0,0.0
P48117,MSFSKYLSTAPVIGTLTAFFLAGLLIEINRFNPDLLVYPF,0,8e-05
P22827,EAGEECDCGSPENPCCDAATCKLRPGAQCADGLCCDQCRFMKKGTVCRVAKGDWNDDTCTGQSADCPRNGLYG,1,0.99287
P0DJP5,NLFQFARMINGKLGAFSV,1,0.97043
P34950,MASVAESSGVVEVIELISDGGNDLPRKIMSGRHGGICPRILMPCKTDDDCMLDCRCLSNGYCG,1,0.99997
F5CPE0,MRTLLLTLVVVTIVCLDLGNSLICYVTRDGKTATCPPGQKCEKYAVSASHTGHWFHRWHCTSTCHEGPYNVCCSTDFCNR,1,0.99822
D0EXD3,MQITSIAIVFFAAMGAVANPIARESDDLDARDVQLSKFGGECSLKHNTCTYLKGGKNHVVNCGSAANKKCKSDRHHCEYDEHHKRVDCQTPV,1,0.99953
P26477,MSIDRTSPLKPVSTVQTRETSDTPVQKTRQEKTSAATSASVTLSDAQAKLMQPGVSDINMERVEALKTAIRNGELKMDTGKIADSLIREAQSYLQSK,0,0.00907
Q5SCY5,MDIVNIAWAALMVVSTFSLTLVVWGRSGL,0,1e-05
B3EWQ8,NLYQFKNMIEEAATGT,1,0.99915
P00298,IEIKLGGDDGALAFVPGSFTVAAGEKIVFKNNAGFPHNIVFDEDEVPAGVDASKISMSEEDLLNAPGETYAVTLSEKGTYSFYCSPHQGAGMVGKVTVQ,0,0.00384
C0HK86,GWASKIGTQLGKMAKVGLKEFVQS,1,1.0
Q9XZL3,MKLTCVVIVAVLFLTAWTLVMADDSNNGLANLFSKSRDEMEDPEAAKLEKNYCQEKWDYCPVPFLGSRYCCDGLFCTLFFCA,1,0.99881
P0DSI4,MQPSYLLLTFAIIFVMVIMYSPAVEAKAGADADADAHADAGCSQFRRMRNLCGGKK,1,1.0
P85218,SYPNKQPYGPSGFWM,1,0.99722
P83362,MLEHLSSLPTQMDYKGQKLAEQMFQGIILFSAIVGFIYGYVAEQFGWTVYIVMAGFAFSCLLTLPPWPIYRRHPLKWLPVQDSGSEDKKPGERKIKRHAKNN,0,0.00106
P10489,MREAICIHIGQAGYQIGNACSQLFC,0,0.00287
Q9PRZ6,SANPALAPRERKAGCKNFFWKTFTSC,1,0.99997
P83893,EWCGSNADCGDGQCCTGGSFNRHCQSLADDGTPCQKPNDYNEYKFGCPCKEGLICSPINYCQKK,1,0.99995
Q7S5W0,MQPTRILQGLKYRKLRLTTKDVNKGFYKGNRTGSMGTHTSYGTYKIDYTKVRTYVCPDLTGFKLTPFVSKTIRPVHDQFPGDKLGPKNPATYLARWKSENGLD,0,3e-05
P12864,AQEFVNSKIQPGKVVVFIKPTCPYCRKTQEILSQLPFKQGLLEFVDITATSDMSEIQDYLQQLTGARTVPRVFLGKDCIGGCSDLIAMQEKGELLARLKEMGALRQ,0,0.005
P82141,FEMQYCWSHSGVCRDKSERNNKPMAWTYCENRQKKCEF,1,0.99957
P84736,NLYQFSNMIQCTIPGSDPLSDYGNYGCYCGYGGSGTPVDELLRCCQVHDD,1,0.99999
P84382,GVWSTVLGGLKKFAKGGLEAIVNPK,1,1.0
P68992,VPTQRLCGSHLVDALYFVCGERGFFYSPKPIRELEPLLGIVEQCCHNTCSLANLEGYCN,1,0.99966
O56124,MVTIPPLVSRWFPVCGFRVCKISSPFAFTTPRWPHNDVYIGLPITLLHFPAHFQKFSQPAEISDKRYRVLLCNGHQTPALQQGTHSSRQVTPLSLRSRSSTFNK,0,0.14909
A5GUN3,MASEIFGTAALFWVLIPLGLAGGALLLKLQGD,0,1e-05
P18312,GWIRDFGKRIERVGQHTRDATIQTIAVAQQAANVAATLKG,1,0.98864
P0C234,CSGLSTCALMKLSQDLHRFNSYPRTNVGAGTP,1,0.70248
P60993,ECRYFWGECNDEMVCCEHLVCKEKWPITYKICVWDRTF,1,1.0
C4PWC4,MPKLEMMLLVLLILPLSSFSAAGEQVVQGDRRSDGLARYLQRGGRDVQECQVVTPGSKWGRCCLNRVCGPMCCPASHCYCIYHRGKGHGCSC,1,0.99825
P21654,MKNTILILFTAFIALLGFFGMSAEALADPLAEPLADPNAEADPEALKLKSIVSWAKKVLG,1,0.99999
P58752,ADVPGNYPLDKDGNTYKCFLLGGNEECLNVCKLHGVQYGYCYASKCWCEYLEDDKDSV,1,0.99505
Q91VD6,MKIHYLLFAFILVMLSPLAAFSQLINSPVTCMSYGGSCQRSCNGGFRLGGHCGHPKIRCCRRK,1,1.0
Q56226,MSYLLTSALLFALGVYGVLTRRTAILVFLSIELMLNAANLSLVGFARAYGLDGQVAALMVIAVAAAEVAVGLGLIVAIFRHRESTAVDDLSELRG,0,0.00042
Q0G9H9,MTRSLKKNPFVANNFLGKIEKLNMREEKEIIITWSRASTIIPTMIGHTIAIHNGKDHLPIYITDRMVGHKLGEFAPTLTFKGHARNDNRSRR,0,6e-05
P0CAR3,MICYNHQSSEPPTTXTCSEGQ,0,0.12901
P15221,ADGYVKGKSGCKISCFLDNDLCNADCKYYGGKLNSWCIPDKSGYCWCPNKGWNSIKSETNTC,1,0.99833
Q85FZ4,MEALVYVFLLIGTLMIIFFAIFFREPPRIAKK,0,1e-05
P61542,GTACSCGNSKGIYWFYRPSCPTDRGYTGSCRYFLGTCCTPAD,1,0.99932
P41314,MPQLNTSTWTLTISLMIISLFCIYQLKMMNQTLIQITPSTEQSKLTKHTLPWEKKWTKIYLPHSSHQQF,0,0.0
C0HK85,GFKQFVHSMGKFGKAFVGEIINPK,1,0.99994
P77799,MNQGKVWRVVKPTVGVPVYLGAVAVTALILHGGLLAKTDWFGAYWNGGKKAAAAAAAVAPAPVAAPQAPAQ,0,0.00106
Q57755,MSKVKIELFTSPMCPHCPAAKRVVEEVANEMPDAVEVEYINVMENPQKAMEYGIMAVPTIVINGDVEFIGAPTKEALVEAIKKRL,0,0.00449
P10846,SGPWMCYPGYAFKVPALPGCRPVLLLQCNGSQVPEAVLRDCCQQ,1,0.998
Q09FP9,METLVSSIFWTLAPWNNMLLLKHGRIEILDQNTMYGWYELPKQEFLNGEQLEPITHYIKKFPLMKHVNPLENKKYACPMKWLLLSAPITNHWFH,0,0.02928
P01394,RTCYKTPSVKPETCPHGENICYTETWCDAWCSQRGKREELGCAATCPKVKAGVGIKCCSTDNCDPFPVKNPR,1,0.99993
P69593,SKGKKRSGARPGRPQPLRGTKGKRKGARLWYVGGQQF,0,0.11174
P01097,MLPRSALARSLQLQRGVAARFYSEGSTGTPRGSGSEDSFVKRERATEDFFVRQREKEQLRHLKEQLEKQRKKIDSLENKIDSMTK,0,0.00129
P81123,XIFPDNFLMGLGKKGNLVYIIDFGLAKKYRDARTHQHIPYRENKNLTGTARYASINTHLGIEQSRRDDLESLGYVLMYFNL,0,0.00261
P46687,MAIFRSTLVLLLILFCLTTFELHVHAAEDSQVGEGVVKIDCGGRCKGRCSKSSRPNLCLRACNSCCYRCNCVPPGTAGNHHLCPCYASITTRGGRLKCP,1,0.99606
Q3BAR0,MVKLRLKRCGRKQRAIYRIVAIDVRSRREGRDLQKVGFYDPIKNQTYSNVPAILYFLEKGAQPTETVYDILRKTEFFKEFRISFDKKRKEKQES,0,1e-05
P86105,IRCTGSKECYSPSY,1,0.99974
C0HJH7,GLKDWWNKHKDKIVEVVKDSGKAGLNAA,1,1.0
Q9TL12,MVTSFLPSLFVPLVGLVFPAVAMASLFLYIEKDEIA,0,0.0
Q31RR3,MMEASPGLSIAITFAVILLALTGFSIYTSFGPPSKQLEDPFEDHED,0,0.00014
P0C246,ECRWYLGGCKEDSECCEHLQCHSYWEWCLWDGSF,1,1.0
Q16627,MKISVAAIPFFLLITIALGTKTESSSRGPYHPSECCFTYTTYKIPRQRIMDYYETNSQCSKPGIVFITKRGHSVCTNPSDKWVQDYIKDMKEN,1,0.99927
Q9NZ42,MNLERVSNEEKLNLCRKYYLGGFAFLPFLWLVNIFWFFREAFLVPAYTEQSQIKGYVWRSAVGFLFWVIVLTSWITIFQIYRPRWGALGDYLSFTIPLGTP,0,0.01157
D0N0I9,MRSIFYFALAFAALTCSNASAALPNPDETRLLSDTFTKRSLRVAGQEAARGEEIVRVTAQSTNKIFKRPAEKDMSKLIAAAKKALLEKKMAKLSKVIKKPAK,1,0.99784
P0DTM2,FLPLVTGLLSGLL,1,1.0
Q4G3B2,MDLLSLGWSSLMVMFSFSLALVVWGRNGF,0,1e-05
P0C911,GRDGYIAQPENXVYXX,0,0.46397
P83211,ALRKVDRNRFVLDNVTPQPREAKRYKEEEEFPGHGRRRRRRSKGKGKAKGKGKGKGKRRRRRKGKGKGKGKKKGKGRRRRCRRGRGCKKRKGKKGKGRRRRRGKKGK,0,0.00013
P15789,MYKIQLVNQKEGVDVTINCPGDQYILDAAEEQGVDLPYSCRAGACSTCAGKLVKGSVDQSDQSFLDEEQINNGFILTCVAYPTSDCVIQTHQEEALY,0,0.0004
P83619,GFGALFKFLAKKVAKTVAKQAAKQGAKYVVNKQME,1,1.0
P09036,MKVAVIFLLSALALLSLAGNTFSAKVTGKEASCHDAVAGCPRIYDPVCGTDGITYANECVLCFENRKRIEPVLIRKGGPC,1,0.9993
P07490,METIPKLMAAVVLLTVCLEGCSSQHWSYGLRPGGKRNTEHLVDSFQEMGKEEDQMAEPQNFECTVHWPRSPLRDLRGALERLIEEEAGQKKM,1,0.98873
P86157,RPPGFTPFRIA,1,0.99988
P56920,VLPIIGNLLNSLL,1,1.0
Q0IDC9,MESSSPAMSVAIAVLAALLGLTGFGVYTAFGPPSKNLDDPFDDHED,0,0.01273
P0DL41,FFGSLLSLGSKLLPSVFKLFQRKKE,1,0.97651
P81603,MRTLTVVCFVALCLSAIFTTGNALPGELADDVRPYANSLFDELPEESYQAAVENFRLKRATCDLLSGFGVGDSACAAHCIARRNRGGYCNAKKVCVCRN,1,0.99997
P84112,FLPILASLAAKLGPKLFCLVTKKC,1,1.0
B5KM66,MADSDPGERSYDNMLKMLSDLNKDLEKLLEEMEKISVQATWMAYDMVVMRTNPTLAESMRRLEDAFLNCKEEMEKNWQELLTETKRKQ,0,0.05934
P82210,SKYESEGVARSEELQEVHQAFADAGRKPI,0,0.0716
C0HKQ2,VIPFVASVAAEMMQHIFCAASRKC,1,0.9997
P01418,RICYNHQSTTPATTKSCGENSCYKKTWSDHRGTIIERGCGCPKVKRGVHLHCCQSDKCNN,1,0.99959
Q963A9,MNFSKLFALVLLIGLVLLTGQTEAGGLKKLGKKLEGVGKRVFKASEKALPVLTGYKAIGK,1,1.0
Q6B947,MNNNLLKYLSTIPVVGAIWLTFTAGFIIEINRFFPDILSLSL,0,0.00014
Q99MH3,MALSTRIQAACLLLLLLASLSSGAYLRQQTRQTTALQPWHGAESKTDDSALLMLKRRKRDTNFPICLFCCKCCKNSSCGLCCIT,1,0.99941
D3ZVP0,MTRRGCWPHRIIFSLILLTWTHVTLAALIRSHTFSNWPKPPCKMYYPIDPDYEANCPDVIALVCATNGLNYKNECFFCIDRWEFGPHIEFVKYGKCE,1,0.99975
Q6B8V0,MITAIIIAKLPEAYTVFRPLVDILPVIPIFFLLLAFVWQAAIGFR,0,1e-05
P30348,MAPPTRQLLNAVLVLLLLLATNHQGTGVVVASELRCQCLTTLPRVDFKNIQSLTVTPPGPHCAQTEVIATLKDGHEVCLNPEAPLVQRIVQKILNKGKAN,1,0.99743
P84442,AAGLFQFPRV,1,0.99646
P86135,GIAEFLNYIKSKA,1,0.99959
Q9MS60,MNIELIVQLTSLALITLAGPLIVALLFLKQGNL,0,0.0
